{
	"credit": "Made with Blockbench",
	"textures": {
		"0": "block/blaster_dc_17",
		"particle": "block/blaster_dc_17"
	},
	"elements": [
		{
			"from": [0, 0, 5],
			"to": [2, 3, 14],
			"faces": {
				"north": {"uv": [0, 0, 2, 3], "texture": "#0"},
				"east": {"uv": [0, 0, 9, 3], "texture": "#0"},
				"south": {"uv": [0, 0, 2, 3], "texture": "#0"},
				"west": {"uv": [0, 0, 9, 3], "texture": "#0"},
				"up": {"uv": [0, 0, 2, 9], "texture": "#0"},
				"down": {"uv": [0, 0, 2, 9], "texture": "#0"}
			}
		},
		{
			"from": [0.25, -5, 11],
			"to": [1.75, 1, 13],
			"rotation": {"angle": -22.5, "axis": "x", "origin": [0, 0, 12]},
			"faces": {
				"north": {"uv": [11, 0, 12.5, 6], "texture": "#0"},
				"east": {"uv": [11, 0, 13, 6], "texture": "#0"},
				"south": {"uv": [11, 0, 12.5, 6], "texture": "#0"},
				"west": {"uv": [11, 0, 13, 6], "texture": "#0"},
				"down": {"uv": [11, 0, 12.5, 2], "texture": "#0"}
			}
		},
		{
			"from": [0.5, -2, 10],
			"to": [1.5, 1, 11],
			"rotation": {"angle": -22.5, "axis": "x", "origin": [0, 0, 12]},
			"faces": {
				"north": {"uv": [4, 3, 5, 6], "texture": "#0"},
				"east": {"uv": [4, 3, 5, 6], "texture": "#0"},
				"west": {"uv": [4, 3, 5, 6], "texture": "#0"},
				"down": {"uv": [4, 3, 5, 4], "texture": "#0"}
			}
		},
		{
			"from": [0.5, 1, 6],
			"to": [1.5, 2, 7],
			"rotation": {"angle": -45, "axis": "x", "origin": [0, 2, 5]},
			"faces": {
				"east": {"uv": [15, 15, 16, 16], "texture": "#0"},
				"south": {"uv": [15, 15, 16, 16], "texture": "#0"},
				"west": {"uv": [15, 15, 16, 16], "texture": "#0"},
				"up": {"uv": [15, 15, 16, 16], "texture": "#0"}
			}
		}
	],
	"display": {
		"thirdperson_righthand": {
			"translation": [5.25, 6.75, -1.25],
			"scale": [0.75, 0.75, 0.75]
		},
		"thirdperson_lefthand": {
			"translation": [-5.25, 6.75, -1.25],
			"scale": [0.75, 0.75, 0.75]
		},
		"firstperson_righthand": {
			"translation": [16, 4, -3]
		},
		"firstperson_lefthand": {
			"translation": [5.5, 3.5, -5.75]
		},
		"ground": {
			"translation": [7, 10.5, 2.75]
		},
		"gui": {
			"rotation": [0, 90, 0],
			"translation": [-1.25, 6, 0],
			"scale": [0.8, 0.8, 0.8]
		},
		"fixed": {
			"rotation": [0, 90, 0],
			"translation": [-1.75, 8, -8.25]
		}
	}
}