{
	"credit": "Made with Blockbench",
	"parent": "minecraft:block/block",
	"textures": {
		"0": "block/cactus_bottom",
		"1": "block/cactus_side",
		"2": "block/cactus_top",
		"3": "block/cactus_flower3",
		"particle": "block/cactus_side"
	},
	"elements": [
		{
			"from": [1, 0, 1],
			"to": [15, 16, 15],
			"rotation": {"angle": 0, "axis": "y", "origin": [9, 8, 9]},
			"faces": {
				"north": {"uv": [1, 0, 15, 16], "texture": "#1"},
				"east": {"uv": [1, 0, 15, 16], "texture": "#1"},
				"south": {"uv": [1, 0, 15, 16], "texture": "#1"},
				"west": {"uv": [1, 0, 15, 16], "texture": "#1"},
				"up": {"uv": [1, 1, 15, 15], "texture": "#2"},
				"down": {"uv": [1, 1, 15, 15], "texture": "#0"}
			}
		},
		{
			"from": [10, 1, 15],
			"to": [11, 2, 16],
			"rotation": {"angle": 0, "axis": "y", "origin": [18, 9, 23]},
			"faces": {
				"north": {"uv": [10, 14, 11, 15], "texture": "#1"},
				"east": {"uv": [10, 14, 11, 15], "texture": "#1"},
				"south": {"uv": [10, 14, 11, 15], "texture": "#1"},
				"west": {"uv": [10, 14, 11, 15], "texture": "#1"},
				"up": {"uv": [10, 14, 11, 15], "texture": "#1"},
				"down": {"uv": [10, 14, 11, 15], "texture": "#1"}
			}
		},
		{
			"from": [15, 1, 5],
			"to": [16, 2, 6],
			"rotation": {"angle": 0, "axis": "y", "origin": [23, 11, 7]},
			"faces": {
				"north": {"uv": [10, 14, 11, 15], "texture": "#1"},
				"east": {"uv": [10, 14, 11, 15], "texture": "#1"},
				"south": {"uv": [10, 14, 11, 15], "texture": "#1"},
				"west": {"uv": [10, 14, 11, 15], "texture": "#1"},
				"up": {"uv": [10, 14, 11, 15], "rotation": 270, "texture": "#1"},
				"down": {"uv": [10, 14, 11, 15], "rotation": 90, "texture": "#1"}
			}
		},
		{
			"from": [5, 1, 0],
			"to": [6, 2, 1],
			"rotation": {"angle": 0, "axis": "y", "origin": [7, 11, -7]},
			"faces": {
				"north": {"uv": [10, 14, 11, 15], "texture": "#1"},
				"east": {"uv": [10, 14, 11, 15], "texture": "#1"},
				"south": {"uv": [10, 14, 11, 15], "texture": "#1"},
				"west": {"uv": [10, 14, 11, 15], "texture": "#1"},
				"up": {"uv": [10, 14, 11, 15], "rotation": 180, "texture": "#1"},
				"down": {"uv": [10, 14, 11, 15], "rotation": 180, "texture": "#1"}
			}
		},
		{
			"from": [0, 1, 10],
			"to": [1, 2, 11],
			"rotation": {"angle": 0, "axis": "y", "origin": [-7, 11, 9]},
			"faces": {
				"north": {"uv": [10, 14, 11, 15], "texture": "#1"},
				"east": {"uv": [10, 14, 11, 15], "texture": "#1"},
				"south": {"uv": [10, 14, 11, 15], "texture": "#1"},
				"west": {"uv": [10, 14, 11, 15], "texture": "#1"},
				"up": {"uv": [10, 14, 11, 15], "rotation": 90, "texture": "#1"},
				"down": {"uv": [10, 14, 11, 15], "rotation": 270, "texture": "#1"}
			}
		},
		{
			"from": [10, 12, 15],
			"to": [11, 13, 16],
			"rotation": {"angle": 0, "axis": "y", "origin": [18, 20, 23]},
			"faces": {
				"north": {"uv": [10, 3, 11, 4], "texture": "#1"},
				"east": {"uv": [10, 3, 11, 4], "texture": "#1"},
				"south": {"uv": [10, 3, 11, 4], "texture": "#1"},
				"west": {"uv": [10, 3, 11, 4], "texture": "#1"},
				"up": {"uv": [10, 3, 11, 4], "texture": "#1"},
				"down": {"uv": [10, 3, 11, 4], "texture": "#1"}
			}
		},
		{
			"from": [15, 12, 5],
			"to": [16, 13, 6],
			"rotation": {"angle": 0, "axis": "y", "origin": [23, 11, 7]},
			"faces": {
				"north": {"uv": [10, 3, 11, 4], "texture": "#1"},
				"east": {"uv": [10, 3, 11, 4], "texture": "#1"},
				"south": {"uv": [10, 3, 11, 4], "texture": "#1"},
				"west": {"uv": [10, 3, 11, 4], "texture": "#1"},
				"up": {"uv": [10, 3, 11, 4], "rotation": 270, "texture": "#1"},
				"down": {"uv": [10, 3, 11, 4], "rotation": 90, "texture": "#1"}
			}
		},
		{
			"from": [5, 12, 0],
			"to": [6, 13, 1],
			"rotation": {"angle": 0, "axis": "y", "origin": [7, 11, -7]},
			"faces": {
				"north": {"uv": [10, 3, 11, 4], "texture": "#1"},
				"east": {"uv": [10, 3, 11, 4], "texture": "#1"},
				"south": {"uv": [10, 3, 11, 4], "texture": "#1"},
				"west": {"uv": [10, 3, 11, 4], "texture": "#1"},
				"up": {"uv": [10, 3, 11, 4], "rotation": 180, "texture": "#1"},
				"down": {"uv": [10, 3, 11, 4], "rotation": 180, "texture": "#1"}
			}
		},
		{
			"from": [0, 12, 10],
			"to": [1, 13, 11],
			"rotation": {"angle": 0, "axis": "y", "origin": [-7, 11, 9]},
			"faces": {
				"north": {"uv": [10, 3, 11, 4], "texture": "#1"},
				"east": {"uv": [10, 3, 11, 4], "texture": "#1"},
				"south": {"uv": [10, 3, 11, 4], "texture": "#1"},
				"west": {"uv": [10, 3, 11, 4], "texture": "#1"},
				"up": {"uv": [10, 3, 11, 4], "rotation": 90, "texture": "#1"},
				"down": {"uv": [10, 3, 11, 4], "rotation": 270, "texture": "#1"}
			}
		},
		{
			"from": [14, 10, 15],
			"to": [15, 11, 16],
			"rotation": {"angle": 0, "axis": "y", "origin": [22, 18, 23]},
			"faces": {
				"north": {"uv": [14, 5, 15, 6], "texture": "#1"},
				"east": {"uv": [14, 5, 15, 6], "texture": "#1"},
				"south": {"uv": [14, 5, 15, 6], "texture": "#1"},
				"west": {"uv": [14, 5, 15, 6], "texture": "#1"},
				"up": {"uv": [14, 5, 15, 6], "texture": "#1"},
				"down": {"uv": [14, 5, 15, 6], "texture": "#1"}
			}
		},
		{
			"from": [15, 10, 1],
			"to": [16, 11, 2],
			"rotation": {"angle": 0, "axis": "y", "origin": [23, 11, 7]},
			"faces": {
				"north": {"uv": [14, 5, 15, 6], "texture": "#1"},
				"east": {"uv": [14, 5, 15, 6], "texture": "#1"},
				"south": {"uv": [14, 5, 15, 6], "texture": "#1"},
				"west": {"uv": [14, 5, 15, 6], "texture": "#1"},
				"up": {"uv": [14, 5, 15, 6], "rotation": 270, "texture": "#1"},
				"down": {"uv": [14, 5, 15, 6], "rotation": 90, "texture": "#1"}
			}
		},
		{
			"from": [1, 10, 0],
			"to": [2, 11, 1],
			"rotation": {"angle": 0, "axis": "y", "origin": [7, 11, -7]},
			"faces": {
				"north": {"uv": [14, 5, 15, 6], "texture": "#1"},
				"east": {"uv": [14, 5, 15, 6], "texture": "#1"},
				"south": {"uv": [14, 5, 15, 6], "texture": "#1"},
				"west": {"uv": [14, 5, 15, 6], "texture": "#1"},
				"up": {"uv": [14, 5, 15, 6], "rotation": 180, "texture": "#1"},
				"down": {"uv": [14, 5, 15, 6], "rotation": 180, "texture": "#1"}
			}
		},
		{
			"from": [0, 10, 14],
			"to": [1, 11, 15],
			"rotation": {"angle": 0, "axis": "y", "origin": [-7, 11, 9]},
			"faces": {
				"north": {"uv": [14, 5, 15, 6], "texture": "#1"},
				"east": {"uv": [14, 5, 15, 6], "texture": "#1"},
				"south": {"uv": [14, 5, 15, 6], "texture": "#1"},
				"west": {"uv": [14, 5, 15, 6], "texture": "#1"},
				"up": {"uv": [14, 5, 15, 6], "rotation": 90, "texture": "#1"},
				"down": {"uv": [14, 5, 15, 6], "rotation": 270, "texture": "#1"}
			}
		},
		{
			"from": [7, 9, 15],
			"to": [8, 10, 16],
			"rotation": {"angle": 0, "axis": "y", "origin": [15, 17, 23]},
			"faces": {
				"north": {"uv": [7, 6, 8, 7], "texture": "#1"},
				"east": {"uv": [7, 6, 8, 7], "texture": "#1"},
				"south": {"uv": [7, 6, 8, 7], "texture": "#1"},
				"west": {"uv": [7, 6, 8, 7], "texture": "#1"},
				"up": {"uv": [7, 6, 8, 7], "texture": "#1"},
				"down": {"uv": [7, 6, 8, 7], "texture": "#1"}
			}
		},
		{
			"from": [15, 9, 8],
			"to": [16, 10, 9],
			"rotation": {"angle": 0, "axis": "y", "origin": [23, 11, 7]},
			"faces": {
				"north": {"uv": [7, 6, 8, 7], "texture": "#1"},
				"east": {"uv": [7, 6, 8, 7], "texture": "#1"},
				"south": {"uv": [7, 6, 8, 7], "texture": "#1"},
				"west": {"uv": [7, 6, 8, 7], "texture": "#1"},
				"up": {"uv": [7, 6, 8, 7], "rotation": 270, "texture": "#1"},
				"down": {"uv": [7, 6, 8, 7], "rotation": 90, "texture": "#1"}
			}
		},
		{
			"from": [8, 9, 0],
			"to": [9, 10, 1],
			"rotation": {"angle": 0, "axis": "y", "origin": [7, 11, -7]},
			"faces": {
				"north": {"uv": [7, 6, 8, 7], "texture": "#1"},
				"east": {"uv": [7, 6, 8, 7], "texture": "#1"},
				"south": {"uv": [7, 6, 8, 7], "texture": "#1"},
				"west": {"uv": [7, 6, 8, 7], "texture": "#1"},
				"up": {"uv": [7, 6, 8, 7], "rotation": 180, "texture": "#1"},
				"down": {"uv": [7, 6, 8, 7], "rotation": 180, "texture": "#1"}
			}
		},
		{
			"from": [0, 9, 7],
			"to": [1, 10, 8],
			"rotation": {"angle": 0, "axis": "y", "origin": [-7, 11, 9]},
			"faces": {
				"north": {"uv": [7, 6, 8, 7], "texture": "#1"},
				"east": {"uv": [7, 6, 8, 7], "texture": "#1"},
				"south": {"uv": [7, 6, 8, 7], "texture": "#1"},
				"west": {"uv": [7, 6, 8, 7], "texture": "#1"},
				"up": {"uv": [7, 6, 8, 7], "rotation": 90, "texture": "#1"},
				"down": {"uv": [7, 6, 8, 7], "rotation": 270, "texture": "#1"}
			}
		},
		{
			"from": [5, 5, 15],
			"to": [6, 6, 16],
			"rotation": {"angle": 0, "axis": "y", "origin": [13, 13, 23]},
			"faces": {
				"north": {"uv": [5, 10, 6, 11], "texture": "#1"},
				"east": {"uv": [5, 10, 6, 11], "texture": "#1"},
				"south": {"uv": [5, 10, 6, 11], "texture": "#1"},
				"west": {"uv": [5, 10, 6, 11], "texture": "#1"},
				"up": {"uv": [5, 10, 6, 11], "texture": "#1"},
				"down": {"uv": [5, 10, 6, 11], "texture": "#1"}
			}
		},
		{
			"from": [15, 5, 10],
			"to": [16, 6, 11],
			"rotation": {"angle": 0, "axis": "y", "origin": [23, 11, 7]},
			"faces": {
				"north": {"uv": [5, 10, 6, 11], "texture": "#1"},
				"east": {"uv": [5, 10, 6, 11], "texture": "#1"},
				"south": {"uv": [5, 10, 6, 11], "texture": "#1"},
				"west": {"uv": [5, 10, 6, 11], "texture": "#1"},
				"up": {"uv": [5, 10, 6, 11], "rotation": 270, "texture": "#1"},
				"down": {"uv": [5, 10, 6, 11], "rotation": 90, "texture": "#1"}
			}
		},
		{
			"from": [10, 5, 0],
			"to": [11, 6, 1],
			"rotation": {"angle": 0, "axis": "y", "origin": [7, 11, -7]},
			"faces": {
				"north": {"uv": [5, 10, 6, 11], "texture": "#1"},
				"east": {"uv": [5, 10, 6, 11], "texture": "#1"},
				"south": {"uv": [5, 10, 6, 11], "texture": "#1"},
				"west": {"uv": [5, 10, 6, 11], "texture": "#1"},
				"up": {"uv": [5, 10, 6, 11], "rotation": 180, "texture": "#1"},
				"down": {"uv": [5, 10, 6, 11], "rotation": 180, "texture": "#1"}
			}
		},
		{
			"from": [0, 5, 5],
			"to": [1, 6, 6],
			"rotation": {"angle": 0, "axis": "y", "origin": [-7, 11, 9]},
			"faces": {
				"north": {"uv": [5, 10, 6, 11], "texture": "#1"},
				"east": {"uv": [5, 10, 6, 11], "texture": "#1"},
				"south": {"uv": [5, 10, 6, 11], "texture": "#1"},
				"west": {"uv": [5, 10, 6, 11], "texture": "#1"},
				"up": {"uv": [5, 10, 6, 11], "rotation": 90, "texture": "#1"},
				"down": {"uv": [5, 10, 6, 11], "rotation": 270, "texture": "#1"}
			}
		},
		{
			"from": [5, 14, 15],
			"to": [6, 15, 16],
			"rotation": {"angle": 0, "axis": "y", "origin": [13, 22, 23]},
			"faces": {
				"north": {"uv": [5, 1, 6, 2], "texture": "#1"},
				"east": {"uv": [5, 1, 6, 2], "texture": "#1"},
				"south": {"uv": [5, 1, 6, 2], "texture": "#1"},
				"west": {"uv": [5, 1, 6, 2], "texture": "#1"},
				"up": {"uv": [5, 1, 6, 2], "texture": "#1"},
				"down": {"uv": [5, 1, 6, 2], "texture": "#1"}
			}
		},
		{
			"from": [15, 14, 10],
			"to": [16, 15, 11],
			"rotation": {"angle": 0, "axis": "y", "origin": [23, 11, 7]},
			"faces": {
				"north": {"uv": [5, 1, 6, 2], "texture": "#1"},
				"east": {"uv": [5, 1, 6, 2], "texture": "#1"},
				"south": {"uv": [5, 1, 6, 2], "texture": "#1"},
				"west": {"uv": [5, 1, 6, 2], "texture": "#1"},
				"up": {"uv": [5, 1, 6, 2], "rotation": 270, "texture": "#1"},
				"down": {"uv": [5, 1, 6, 2], "rotation": 90, "texture": "#1"}
			}
		},
		{
			"from": [10, 14, 0],
			"to": [11, 15, 1],
			"rotation": {"angle": 0, "axis": "y", "origin": [7, 11, -7]},
			"faces": {
				"north": {"uv": [5, 1, 6, 2], "texture": "#1"},
				"east": {"uv": [5, 1, 6, 2], "texture": "#1"},
				"south": {"uv": [5, 1, 6, 2], "texture": "#1"},
				"west": {"uv": [5, 1, 6, 2], "texture": "#1"},
				"up": {"uv": [5, 1, 6, 2], "rotation": 180, "texture": "#1"},
				"down": {"uv": [5, 1, 6, 2], "rotation": 180, "texture": "#1"}
			}
		},
		{
			"from": [0, 14, 5],
			"to": [1, 15, 6],
			"rotation": {"angle": 0, "axis": "y", "origin": [-7, 11, 9]},
			"faces": {
				"north": {"uv": [5, 1, 6, 2], "texture": "#1"},
				"east": {"uv": [5, 1, 6, 2], "texture": "#1"},
				"south": {"uv": [5, 1, 6, 2], "texture": "#1"},
				"west": {"uv": [5, 1, 6, 2], "texture": "#1"},
				"up": {"uv": [5, 1, 6, 2], "rotation": 90, "texture": "#1"},
				"down": {"uv": [5, 1, 6, 2], "rotation": 270, "texture": "#1"}
			}
		},
		{
			"from": [14, 14, 15],
			"to": [15, 15, 16],
			"rotation": {"angle": 0, "axis": "y", "origin": [22, 22, 23]},
			"faces": {
				"north": {"uv": [14, 1, 15, 2], "texture": "#1"},
				"east": {"uv": [14, 1, 15, 2], "texture": "#1"},
				"south": {"uv": [14, 1, 15, 2], "texture": "#1"},
				"west": {"uv": [14, 1, 15, 2], "texture": "#1"},
				"up": {"uv": [14, 1, 15, 2], "texture": "#1"},
				"down": {"uv": [14, 1, 15, 2], "texture": "#1"}
			}
		},
		{
			"from": [15, 14, 1],
			"to": [16, 15, 2],
			"rotation": {"angle": 0, "axis": "y", "origin": [23, 11, 7]},
			"faces": {
				"north": {"uv": [14, 1, 15, 2], "texture": "#1"},
				"east": {"uv": [14, 1, 15, 2], "texture": "#1"},
				"south": {"uv": [14, 1, 15, 2], "texture": "#1"},
				"west": {"uv": [14, 1, 15, 2], "texture": "#1"},
				"up": {"uv": [14, 1, 15, 2], "rotation": 270, "texture": "#1"},
				"down": {"uv": [14, 1, 15, 2], "rotation": 90, "texture": "#1"}
			}
		},
		{
			"from": [1, 14, 0],
			"to": [2, 15, 1],
			"rotation": {"angle": 0, "axis": "y", "origin": [7, 11, -7]},
			"faces": {
				"north": {"uv": [14, 1, 15, 2], "texture": "#1"},
				"east": {"uv": [14, 1, 15, 2], "texture": "#1"},
				"south": {"uv": [14, 1, 15, 2], "texture": "#1"},
				"west": {"uv": [14, 1, 15, 2], "texture": "#1"},
				"up": {"uv": [14, 1, 15, 2], "rotation": 180, "texture": "#1"},
				"down": {"uv": [14, 1, 15, 2], "rotation": 180, "texture": "#1"}
			}
		},
		{
			"from": [0, 14, 14],
			"to": [1, 15, 15],
			"rotation": {"angle": 0, "axis": "y", "origin": [-7, 11, 9]},
			"faces": {
				"north": {"uv": [14, 1, 15, 2], "texture": "#1"},
				"east": {"uv": [14, 1, 15, 2], "texture": "#1"},
				"south": {"uv": [14, 1, 15, 2], "texture": "#1"},
				"west": {"uv": [14, 1, 15, 2], "texture": "#1"},
				"up": {"uv": [14, 1, 15, 2], "rotation": 90, "texture": "#1"},
				"down": {"uv": [14, 1, 15, 2], "rotation": 270, "texture": "#1"}
			}
		},
		{
			"from": [1, 3, 15],
			"to": [2, 4, 16],
			"rotation": {"angle": 0, "axis": "y", "origin": [9, 11, 23]},
			"faces": {
				"north": {"uv": [1, 12, 2, 13], "texture": "#1"},
				"east": {"uv": [1, 12, 2, 13], "texture": "#1"},
				"south": {"uv": [1, 12, 2, 13], "texture": "#1"},
				"west": {"uv": [1, 12, 2, 13], "texture": "#1"},
				"up": {"uv": [1, 12, 2, 13], "texture": "#1"},
				"down": {"uv": [1, 12, 2, 13], "texture": "#1"}
			}
		},
		{
			"from": [15, 3, 14],
			"to": [16, 4, 15],
			"rotation": {"angle": 0, "axis": "y", "origin": [23, 11, 7]},
			"faces": {
				"north": {"uv": [1, 12, 2, 13], "texture": "#1"},
				"east": {"uv": [1, 12, 2, 13], "texture": "#1"},
				"south": {"uv": [1, 12, 2, 13], "texture": "#1"},
				"west": {"uv": [1, 12, 2, 13], "texture": "#1"},
				"up": {"uv": [1, 12, 2, 13], "rotation": 270, "texture": "#1"},
				"down": {"uv": [1, 12, 2, 13], "rotation": 90, "texture": "#1"}
			}
		},
		{
			"from": [14, 3, 0],
			"to": [15, 4, 1],
			"rotation": {"angle": 0, "axis": "y", "origin": [7, 11, -7]},
			"faces": {
				"north": {"uv": [1, 12, 2, 13], "texture": "#1"},
				"east": {"uv": [1, 12, 2, 13], "texture": "#1"},
				"south": {"uv": [1, 12, 2, 13], "texture": "#1"},
				"west": {"uv": [1, 12, 2, 13], "texture": "#1"},
				"up": {"uv": [1, 12, 2, 13], "rotation": 180, "texture": "#1"},
				"down": {"uv": [1, 12, 2, 13], "rotation": 180, "texture": "#1"}
			}
		},
		{
			"from": [0, 3, 1],
			"to": [1, 4, 2],
			"rotation": {"angle": 0, "axis": "y", "origin": [-7, 11, 9]},
			"faces": {
				"north": {"uv": [1, 12, 2, 13], "texture": "#1"},
				"east": {"uv": [1, 12, 2, 13], "texture": "#1"},
				"south": {"uv": [1, 12, 2, 13], "texture": "#1"},
				"west": {"uv": [1, 12, 2, 13], "texture": "#1"},
				"up": {"uv": [1, 12, 2, 13], "rotation": 90, "texture": "#1"},
				"down": {"uv": [1, 12, 2, 13], "rotation": 270, "texture": "#1"}
			}
		},
		{
			"from": [1, 13, 15],
			"to": [2, 14, 16],
			"rotation": {"angle": 0, "axis": "y", "origin": [9, 21, 23]},
			"faces": {
				"north": {"uv": [1, 2, 2, 3], "texture": "#1"},
				"east": {"uv": [1, 2, 2, 3], "texture": "#1"},
				"south": {"uv": [1, 2, 2, 3], "texture": "#1"},
				"west": {"uv": [1, 2, 2, 3], "texture": "#1"},
				"up": {"uv": [1, 2, 2, 3], "texture": "#1"},
				"down": {"uv": [1, 2, 2, 3], "texture": "#1"}
			}
		},
		{
			"from": [15, 13, 14],
			"to": [16, 14, 15],
			"rotation": {"angle": 0, "axis": "y", "origin": [23, 11, 7]},
			"faces": {
				"north": {"uv": [1, 2, 2, 3], "texture": "#1"},
				"east": {"uv": [1, 2, 2, 3], "texture": "#1"},
				"south": {"uv": [1, 2, 2, 3], "texture": "#1"},
				"west": {"uv": [1, 2, 2, 3], "texture": "#1"},
				"up": {"uv": [1, 2, 2, 3], "rotation": 270, "texture": "#1"},
				"down": {"uv": [1, 2, 2, 3], "rotation": 90, "texture": "#1"}
			}
		},
		{
			"from": [14, 13, 0],
			"to": [15, 14, 1],
			"rotation": {"angle": 0, "axis": "y", "origin": [7, 11, -7]},
			"faces": {
				"north": {"uv": [1, 2, 2, 3], "texture": "#1"},
				"east": {"uv": [1, 2, 2, 3], "texture": "#1"},
				"south": {"uv": [1, 2, 2, 3], "texture": "#1"},
				"west": {"uv": [1, 2, 2, 3], "texture": "#1"},
				"up": {"uv": [1, 2, 2, 3], "rotation": 180, "texture": "#1"},
				"down": {"uv": [1, 2, 2, 3], "rotation": 180, "texture": "#1"}
			}
		},
		{
			"from": [0, 13, 1],
			"to": [1, 14, 2],
			"rotation": {"angle": 0, "axis": "y", "origin": [-7, 11, 9]},
			"faces": {
				"north": {"uv": [1, 2, 2, 3], "texture": "#1"},
				"east": {"uv": [1, 2, 2, 3], "texture": "#1"},
				"south": {"uv": [1, 2, 2, 3], "texture": "#1"},
				"west": {"uv": [1, 2, 2, 3], "texture": "#1"},
				"up": {"uv": [1, 2, 2, 3], "rotation": 90, "texture": "#1"},
				"down": {"uv": [1, 2, 2, 3], "rotation": 270, "texture": "#1"}
			}
		},
		{
			"from": [14, 5, 15],
			"to": [15, 6, 16],
			"rotation": {"angle": 0, "axis": "y", "origin": [22, 13, 23]},
			"faces": {
				"north": {"uv": [14, 10, 15, 11], "texture": "#1"},
				"east": {"uv": [14, 10, 15, 11], "texture": "#1"},
				"south": {"uv": [14, 10, 15, 11], "texture": "#1"},
				"west": {"uv": [14, 10, 15, 11], "texture": "#1"},
				"up": {"uv": [14, 10, 15, 11], "texture": "#1"},
				"down": {"uv": [14, 10, 15, 11], "texture": "#1"}
			}
		},
		{
			"from": [15, 5, 1],
			"to": [16, 6, 2],
			"rotation": {"angle": 0, "axis": "y", "origin": [23, 11, 7]},
			"faces": {
				"north": {"uv": [14, 10, 15, 11], "texture": "#1"},
				"east": {"uv": [14, 10, 15, 11], "texture": "#1"},
				"south": {"uv": [14, 10, 15, 11], "texture": "#1"},
				"west": {"uv": [14, 10, 15, 11], "texture": "#1"},
				"up": {"uv": [14, 10, 15, 11], "rotation": 270, "texture": "#1"},
				"down": {"uv": [14, 10, 15, 11], "rotation": 90, "texture": "#1"}
			}
		},
		{
			"from": [1, 5, 0],
			"to": [2, 6, 1],
			"rotation": {"angle": 0, "axis": "y", "origin": [7, 11, -7]},
			"faces": {
				"north": {"uv": [14, 10, 15, 11], "texture": "#1"},
				"east": {"uv": [14, 10, 15, 11], "texture": "#1"},
				"south": {"uv": [14, 10, 15, 11], "texture": "#1"},
				"west": {"uv": [14, 10, 15, 11], "texture": "#1"},
				"up": {"uv": [14, 10, 15, 11], "rotation": 180, "texture": "#1"},
				"down": {"uv": [14, 10, 15, 11], "rotation": 180, "texture": "#1"}
			}
		},
		{
			"from": [0, 5, 14],
			"to": [1, 6, 15],
			"rotation": {"angle": 0, "axis": "y", "origin": [-7, 11, 9]},
			"faces": {
				"north": {"uv": [14, 10, 15, 11], "texture": "#1"},
				"east": {"uv": [14, 10, 15, 11], "texture": "#1"},
				"south": {"uv": [14, 10, 15, 11], "texture": "#1"},
				"west": {"uv": [14, 10, 15, 11], "texture": "#1"},
				"up": {"uv": [14, 10, 15, 11], "rotation": 90, "texture": "#1"},
				"down": {"uv": [14, 10, 15, 11], "rotation": 270, "texture": "#1"}
			}
		},
		{
			"from": [2, 16, 6],
			"to": [3, 17, 7],
			"rotation": {"angle": 0, "axis": "y", "origin": [10, 24, 14]},
			"faces": {
				"north": {"uv": [2, 6, 3, 7], "texture": "#2"},
				"east": {"uv": [2, 6, 3, 7], "texture": "#2"},
				"south": {"uv": [2, 6, 3, 7], "texture": "#2"},
				"west": {"uv": [2, 6, 3, 7], "texture": "#2"},
				"up": {"uv": [2, 6, 3, 7], "texture": "#2"},
				"down": {"uv": [2, 6, 3, 7], "texture": "#2"}
			}
		},
		{
			"from": [10, 16, 5],
			"to": [11, 17, 6],
			"rotation": {"angle": 0, "axis": "y", "origin": [18, 24, 13]},
			"faces": {
				"north": {"uv": [10, 5, 11, 6], "texture": "#2"},
				"east": {"uv": [10, 5, 11, 6], "texture": "#2"},
				"south": {"uv": [10, 5, 11, 6], "texture": "#2"},
				"west": {"uv": [10, 5, 11, 6], "texture": "#2"},
				"up": {"uv": [10, 5, 11, 6], "texture": "#2"},
				"down": {"uv": [10, 5, 11, 6], "texture": "#2"}
			}
		},
		{
			"from": [7, 16, 4],
			"to": [8, 17, 5],
			"rotation": {"angle": 0, "axis": "y", "origin": [15, 24, 12]},
			"faces": {
				"north": {"uv": [7, 4, 8, 5], "texture": "#2"},
				"east": {"uv": [7, 4, 8, 5], "texture": "#2"},
				"south": {"uv": [7, 4, 8, 5], "texture": "#2"},
				"west": {"uv": [7, 4, 8, 5], "texture": "#2"},
				"up": {"uv": [7, 4, 8, 5], "texture": "#2"},
				"down": {"uv": [7, 4, 8, 5], "texture": "#2"}
			}
		},
		{
			"from": [4, 16, 3],
			"to": [5, 17, 4],
			"rotation": {"angle": 0, "axis": "y", "origin": [12, 24, 11]},
			"faces": {
				"north": {"uv": [4, 3, 5, 4], "texture": "#2"},
				"east": {"uv": [4, 3, 5, 4], "texture": "#2"},
				"south": {"uv": [4, 3, 5, 4], "texture": "#2"},
				"west": {"uv": [4, 3, 5, 4], "texture": "#2"},
				"up": {"uv": [4, 3, 5, 4], "texture": "#2"},
				"down": {"uv": [4, 3, 5, 4], "texture": "#2"}
			}
		},
		{
			"from": [6, 16, 12],
			"to": [7, 17, 13],
			"rotation": {"angle": 0, "axis": "y", "origin": [14, 24, 20]},
			"faces": {
				"north": {"uv": [6, 12, 7, 13], "texture": "#2"},
				"east": {"uv": [6, 12, 7, 13], "texture": "#2"},
				"south": {"uv": [6, 12, 7, 13], "texture": "#2"},
				"west": {"uv": [6, 12, 7, 13], "texture": "#2"},
				"up": {"uv": [6, 12, 7, 13], "texture": "#2"},
				"down": {"uv": [6, 12, 7, 13], "texture": "#2"}
			}
		},
		{
			"from": [12, 16, 12],
			"to": [13, 17, 13],
			"rotation": {"angle": 0, "axis": "y", "origin": [20, 24, 20]},
			"faces": {
				"north": {"uv": [12, 12, 13, 13], "texture": "#2"},
				"east": {"uv": [12, 12, 13, 13], "texture": "#2"},
				"south": {"uv": [12, 12, 13, 13], "texture": "#2"},
				"west": {"uv": [12, 12, 13, 13], "texture": "#2"},
				"up": {"uv": [12, 12, 13, 13], "texture": "#2"},
				"down": {"uv": [12, 12, 13, 13], "texture": "#2"}
			}
		},
		{
			"from": [12, 16, 9],
			"to": [13, 17, 10],
			"rotation": {"angle": 0, "axis": "y", "origin": [20, 24, 17]},
			"faces": {
				"north": {"uv": [12, 9, 13, 10], "texture": "#2"},
				"east": {"uv": [12, 9, 13, 10], "texture": "#2"},
				"south": {"uv": [12, 9, 13, 10], "texture": "#2"},
				"west": {"uv": [12, 9, 13, 10], "texture": "#2"},
				"up": {"uv": [12, 9, 13, 10], "texture": "#2"},
				"down": {"uv": [12, 9, 13, 10], "texture": "#2"}
			}
		},
		{
			"from": [9, 16, 9],
			"to": [10, 17, 10],
			"rotation": {"angle": 0, "axis": "y", "origin": [17, 24, 17]},
			"faces": {
				"north": {"uv": [9, 9, 10, 10], "texture": "#2"},
				"east": {"uv": [9, 9, 10, 10], "texture": "#2"},
				"south": {"uv": [9, 9, 10, 10], "texture": "#2"},
				"west": {"uv": [9, 9, 10, 10], "texture": "#2"},
				"up": {"uv": [9, 9, 10, 10], "texture": "#2"},
				"down": {"uv": [9, 9, 10, 10], "texture": "#2"}
			}
		},
		{
			"from": [5, 16, 8],
			"to": [6, 17, 9],
			"rotation": {"angle": 0, "axis": "y", "origin": [13, 24, 16]},
			"faces": {
				"north": {"uv": [5, 8, 6, 9], "texture": "#2"},
				"east": {"uv": [5, 8, 6, 9], "texture": "#2"},
				"south": {"uv": [5, 8, 6, 9], "texture": "#2"},
				"west": {"uv": [5, 8, 6, 9], "texture": "#2"},
				"up": {"uv": [5, 8, 6, 9], "texture": "#2"},
				"down": {"uv": [5, 8, 6, 9], "texture": "#2"}
			}
		},
		{
			"from": [9, 3, 15],
			"to": [11, 4, 15.5],
			"rotation": {"angle": 0, "axis": "y", "origin": [10, 6, 15]},
			"faces": {
				"east": {"uv": [13, 5, 14, 6], "texture": "#3"},
				"south": {"uv": [12, 5, 14, 6], "texture": "#3"},
				"west": {"uv": [12, 5, 13, 6], "texture": "#3"},
				"up": {"uv": [0, 0, 2, 1], "rotation": 180, "texture": "#missing"},
				"down": {"uv": [12, 5, 14, 6], "rotation": 180, "texture": "#3"}
			}
		},
		{
			"from": [9, 8, 15],
			"to": [11, 9, 15.5],
			"rotation": {"angle": 0, "axis": "y", "origin": [10, 6, 15]},
			"faces": {
				"east": {"uv": [13, 0, 14, 1], "texture": "#3"},
				"south": {"uv": [12, 0, 14, 1], "texture": "#3"},
				"west": {"uv": [12, 0, 13, 1], "texture": "#3"},
				"up": {"uv": [12, 0, 14, 1], "rotation": 180, "texture": "#3"},
				"down": {"uv": [0, 0, 2, 1], "rotation": 180, "texture": "#missing"}
			}
		},
		{
			"from": [7, 5, 15],
			"to": [8, 7, 15.5],
			"rotation": {"angle": 0, "axis": "y", "origin": [10, 6, 15]},
			"faces": {
				"east": {"uv": [0, 0, 1, 2], "texture": "#missing"},
				"south": {"uv": [10, 2, 11, 4], "texture": "#3"},
				"west": {"uv": [10, 2, 11, 4], "texture": "#3"},
				"up": {"uv": [10, 2, 11, 3], "rotation": 180, "texture": "#3"},
				"down": {"uv": [10, 3, 11, 4], "rotation": 180, "texture": "#3"}
			}
		},
		{
			"from": [12, 5, 15],
			"to": [13, 7, 15.5],
			"rotation": {"angle": 0, "axis": "y", "origin": [10, 6, 15]},
			"faces": {
				"east": {"uv": [15, 2, 16, 4], "texture": "#3"},
				"south": {"uv": [15, 2, 16, 4], "texture": "#3"},
				"west": {"uv": [0, 0, 1, 2], "texture": "#missing"},
				"up": {"uv": [15, 2, 16, 3], "rotation": 180, "texture": "#3"},
				"down": {"uv": [15, 3, 16, 4], "rotation": 180, "texture": "#3"}
			}
		},
		{
			"from": [8, 4, 15],
			"to": [12, 8, 15.5],
			"rotation": {"angle": 0, "axis": "y", "origin": [10, 6, 15]},
			"faces": {
				"east": {"uv": [14, 1, 15, 5], "texture": "#3"},
				"south": {"uv": [11, 1, 15, 5], "texture": "#3"},
				"west": {"uv": [11, 1, 12, 5], "texture": "#3"},
				"up": {"uv": [11, 1, 15, 2], "rotation": 180, "texture": "#3"},
				"down": {"uv": [11, 4, 15, 5], "rotation": 180, "texture": "#3"}
			}
		}
	]
}