{
	"credit": "Made with Blockbench",
	"textures": {
		"1": "block/jungle_trapdoor_inverted",
		"particle": "block/jungle_trapdoor",
		"texture": "block/jungle_trapdoor"
	},
	"elements": [
		{
			"from": [0, 13, 13],
			"to": [16, 16, 16],
			"rotation": {"angle": 0, "axis": "x", "origin": [8, 21, 8]},
			"faces": {
				"north": {"uv": [3, 2, 13, 3], "rotation": 180, "texture": "#1"},
				"east": {"uv": [0, 0, 1, 3], "rotation": 270, "texture": "#texture"},
				"south": {"uv": [0, 0, 16, 1], "texture": "#1"},
				"west": {"uv": [15, 0, 16, 3], "rotation": 90, "texture": "#texture"},
				"up": {"uv": [0, 0, 16, 3], "rotation": 180, "texture": "#texture"},
				"down": {"uv": [0, 0, 16, 3], "texture": "#texture"}
			}
		},
		{
			"from": [0, 13, 0],
			"to": [16, 16, 4],
			"rotation": {"angle": 0, "axis": "x", "origin": [8, 21, 8]},
			"faces": {
				"north": {"uv": [0, 15, 16, 16], "texture": "#1"},
				"east": {"uv": [0, 12, 1, 16], "rotation": 270, "texture": "#1"},
				"south": {"uv": [0, 12, 16, 13], "texture": "#1"},
				"west": {"uv": [15, 12, 16, 16], "rotation": 90, "texture": "#texture"},
				"up": {"uv": [0, 12, 16, 16], "rotation": 180, "texture": "#texture"},
				"down": {"uv": [0, 12, 16, 16], "texture": "#texture"}
			}
		},
		{
			"from": [5, 16, 1],
			"to": [11, 16.5, 2],
			"rotation": {"angle": 0, "axis": "y", "origin": [8, 25, 8]},
			"faces": {
				"north": {"uv": [5, 14, 11, 15], "texture": "#texture"},
				"east": {"uv": [5, 14, 6, 15], "rotation": 90, "texture": "#texture"},
				"south": {"uv": [5, 14, 11, 15], "rotation": 180, "texture": "#texture"},
				"west": {"uv": [5, 14, 6, 15], "rotation": 90, "texture": "#texture"},
				"up": {"uv": [5, 14, 11, 15], "rotation": 180, "texture": "#texture"}
			}
		},
		{
			"from": [3, 13, 7],
			"to": [13, 16, 9],
			"rotation": {"angle": 0, "axis": "x", "origin": [8, 21, 8]},
			"faces": {
				"north": {"uv": [3, 8, 13, 9], "rotation": 180, "texture": "#1"},
				"south": {"uv": [3, 7, 13, 8], "texture": "#1"},
				"up": {"uv": [3, 7, 13, 9], "rotation": 180, "texture": "#texture"},
				"down": {"uv": [3, 7, 13, 9], "texture": "#texture"}
			}
		},
		{
			"from": [12, 13, 4],
			"to": [13, 16, 7],
			"rotation": {"angle": 0, "axis": "x", "origin": [8, 21, 8]},
			"faces": {
				"west": {"uv": [3, 9, 4, 12], "rotation": 90, "texture": "#texture"},
				"up": {"uv": [3, 9, 4, 12], "rotation": 180, "texture": "#texture"},
				"down": {"uv": [12, 9, 13, 12], "texture": "#texture"}
			}
		},
		{
			"from": [12, 13, 11],
			"to": [13, 16, 13],
			"rotation": {"angle": 0, "axis": "x", "origin": [8, 21, 8]},
			"faces": {
				"north": {"uv": [3, 4, 4, 5], "rotation": 90, "texture": "#1"},
				"west": {"uv": [3, 3, 4, 5], "rotation": 90, "texture": "#1"},
				"up": {"uv": [3, 3, 4, 5], "rotation": 180, "texture": "#texture"},
				"down": {"uv": [12, 3, 13, 5], "texture": "#texture"}
			}
		},
		{
			"from": [11, 13, 12],
			"to": [12, 16, 13],
			"rotation": {"angle": 0, "axis": "x", "origin": [8, 21, 8]},
			"faces": {
				"north": {"uv": [4, 3, 5, 4], "rotation": 90, "texture": "#1"},
				"west": {"uv": [4, 3, 5, 4], "rotation": 90, "texture": "#1"},
				"up": {"uv": [4, 3, 5, 4], "rotation": 180, "texture": "#texture"},
				"down": {"uv": [11, 3, 12, 4], "texture": "#texture"}
			}
		},
		{
			"from": [3, 13, 11],
			"to": [4, 16, 13],
			"rotation": {"angle": 0, "axis": "x", "origin": [8, 21, 8]},
			"faces": {
				"north": {"uv": [12, 4, 13, 5], "rotation": 90, "texture": "#1"},
				"east": {"uv": [12, 3, 13, 5], "rotation": 270, "texture": "#1"},
				"up": {"uv": [12, 3, 13, 5], "rotation": 180, "texture": "#texture"},
				"down": {"uv": [3, 3, 4, 5], "texture": "#texture"}
			}
		},
		{
			"from": [4, 13, 12],
			"to": [5, 16, 13],
			"rotation": {"angle": 0, "axis": "x", "origin": [8, 21, 8]},
			"faces": {
				"north": {"uv": [11, 3, 12, 4], "rotation": 90, "texture": "#1"},
				"east": {"uv": [11, 3, 12, 4], "rotation": 90, "texture": "#1"},
				"up": {"uv": [11, 3, 12, 4], "rotation": 180, "texture": "#texture"},
				"down": {"uv": [4, 3, 5, 4], "texture": "#texture"}
			}
		},
		{
			"from": [3, 13, 4],
			"to": [4, 16, 7],
			"rotation": {"angle": 0, "axis": "x", "origin": [8, 21, 8]},
			"faces": {
				"east": {"uv": [12, 9, 13, 12], "rotation": 270, "texture": "#1"},
				"up": {"uv": [3, 9, 4, 12], "rotation": 180, "texture": "#texture"},
				"down": {"uv": [3, 9, 4, 12], "texture": "#texture"}
			}
		},
		{
			"from": [11, 13, 4],
			"to": [12, 16, 5],
			"rotation": {"angle": 0, "axis": "x", "origin": [8, 21, 8]},
			"faces": {
				"south": {"uv": [4, 11, 5, 12], "texture": "#1"},
				"west": {"uv": [4, 11, 5, 12], "rotation": 90, "texture": "#1"},
				"up": {"uv": [4, 11, 5, 12], "rotation": 180, "texture": "#texture"},
				"down": {"uv": [11, 11, 12, 12], "texture": "#texture"}
			}
		},
		{
			"from": [4, 13, 4],
			"to": [5, 16, 5],
			"rotation": {"angle": 0, "axis": "x", "origin": [8, 21, 8]},
			"faces": {
				"east": {"uv": [11, 11, 12, 12], "rotation": 90, "texture": "#1"},
				"south": {"uv": [11, 11, 12, 12], "texture": "#1"},
				"up": {"uv": [4, 11, 5, 12], "rotation": 180, "texture": "#texture"},
				"down": {"uv": [4, 11, 5, 12], "texture": "#texture"}
			}
		},
		{
			"from": [13, 13, 4],
			"to": [16, 16, 13],
			"rotation": {"angle": 0, "axis": "x", "origin": [8, 21, 8]},
			"faces": {
				"east": {"uv": [0, 3, 1, 12], "rotation": 270, "texture": "#1"},
				"west": {"uv": [2, 3, 3, 12], "rotation": 90, "texture": "#1"},
				"up": {"uv": [0, 3, 3, 12], "rotation": 180, "texture": "#texture"},
				"down": {"uv": [13, 3, 16, 12], "texture": "#texture"}
			}
		},
		{
			"from": [0, 13, 4],
			"to": [3, 16, 13],
			"rotation": {"angle": 0, "axis": "x", "origin": [8, 21, 8]},
			"faces": {
				"east": {"uv": [13, 3, 14, 12], "rotation": 270, "texture": "#1"},
				"west": {"uv": [15, 4, 16, 13], "rotation": 270, "texture": "#1"},
				"up": {"uv": [13, 3, 16, 12], "rotation": 180, "texture": "#texture"},
				"down": {"uv": [0, 3, 3, 12], "texture": "#texture"}
			}
		},
		{
			"from": [6, 13, 4],
			"to": [7, 16, 7],
			"rotation": {"angle": 0, "axis": "y", "origin": [14, 21, 12]},
			"faces": {
				"east": {"uv": [9, 9, 10, 12], "rotation": 270, "texture": "#texture"},
				"west": {"uv": [9, 9, 10, 12], "rotation": 90, "texture": "#texture"},
				"up": {"uv": [9, 9, 10, 12], "rotation": 180, "texture": "#texture"},
				"down": {"uv": [6, 9, 7, 12], "texture": "#1"}
			}
		},
		{
			"from": [9, 13, 4],
			"to": [10, 16, 7],
			"rotation": {"angle": 0, "axis": "y", "origin": [17, 21, 12]},
			"faces": {
				"east": {"uv": [6, 9, 7, 12], "rotation": 270, "texture": "#texture"},
				"west": {"uv": [6, 9, 7, 12], "rotation": 90, "texture": "#texture"},
				"up": {"uv": [6, 9, 7, 12], "rotation": 180, "texture": "#texture"},
				"down": {"uv": [9, 9, 10, 12], "texture": "#1"}
			}
		},
		{
			"from": [9, 13, 9],
			"to": [10, 16, 13],
			"rotation": {"angle": 0, "axis": "y", "origin": [17, 21, 18]},
			"faces": {
				"east": {"uv": [6, 3, 7, 7], "rotation": 270, "texture": "#texture"},
				"west": {"uv": [6, 3, 7, 7], "rotation": 90, "texture": "#texture"},
				"up": {"uv": [6, 3, 7, 7], "rotation": 180, "texture": "#texture"},
				"down": {"uv": [9, 3, 10, 7], "texture": "#1"}
			}
		},
		{
			"from": [6, 13, 9],
			"to": [7, 16, 13],
			"rotation": {"angle": 0, "axis": "y", "origin": [14, 21, 18]},
			"faces": {
				"east": {"uv": [9, 3, 10, 7], "rotation": 270, "texture": "#texture"},
				"west": {"uv": [9, 3, 10, 7], "rotation": 90, "texture": "#texture"},
				"up": {"uv": [9, 3, 10, 7], "rotation": 180, "texture": "#texture"},
				"down": {"uv": [6, 3, 7, 7], "texture": "#1"}
			}
		},
		{
			"from": [5, 12.5, 1],
			"to": [11, 13, 2],
			"rotation": {"angle": 0, "axis": "y", "origin": [13, 18, 9]},
			"faces": {
				"north": {"uv": [5, 14, 11, 15], "rotation": 180, "texture": "#1"},
				"east": {"uv": [10, 14, 11, 15], "texture": "#1"},
				"south": {"uv": [5, 14, 11, 15], "texture": "#1"},
				"west": {"uv": [5, 14, 6, 15], "texture": "#1"},
				"down": {"uv": [5, 14, 11, 15], "texture": "#1"}
			}
		}
	]
}