{
	"credit": "Made with Blockbench",
	"textures": {
		"0": "block/warped_trapdoor",
		"1": "block/warped_trapdoor_inverted",
		"particle": "block/warped_trapdoor"
	},
	"elements": [
		{
			"from": [0, 0, 13],
			"to": [3, 16, 16],
			"rotation": {"angle": 0, "axis": "x", "origin": [18, 1, 21]},
			"faces": {
				"north": {"uv": [0, 0, 3, 16], "rotation": 180, "texture": "#1"},
				"east": {"uv": [13, 0, 14, 16], "rotation": 180, "texture": "#0"},
				"south": {"uv": [13, 0, 16, 16], "rotation": 180, "texture": "#0"},
				"west": {"uv": [15, 0, 16, 16], "rotation": 180, "texture": "#0"},
				"up": {"uv": [13, 15, 16, 16], "rotation": 180, "texture": "#0"},
				"down": {"uv": [13, 0, 16, 1], "rotation": 180, "texture": "#0"}
			}
		},
		{
			"from": [13, 0, 13],
			"to": [16, 16, 16],
			"rotation": {"angle": 0, "axis": "x", "origin": [18, 1, 21]},
			"faces": {
				"north": {"uv": [13, 0, 16, 16], "rotation": 180, "texture": "#1"},
				"east": {"uv": [0, 0, 1, 16], "rotation": 180, "texture": "#0"},
				"south": {"uv": [0, 0, 3, 16], "rotation": 180, "texture": "#0"},
				"west": {"uv": [2, 0, 3, 16], "rotation": 180, "texture": "#0"},
				"up": {"uv": [0, 15, 3, 16], "rotation": 180, "texture": "#0"},
				"down": {"uv": [0, 0, 3, 1], "rotation": 180, "texture": "#0"}
			}
		},
		{
			"from": [3, 13, 13],
			"to": [13, 16, 16],
			"rotation": {"angle": 0, "axis": "x", "origin": [18, 1, 21]},
			"faces": {
				"north": {"uv": [3, 13, 13, 16], "rotation": 180, "texture": "#1"},
				"south": {"uv": [3, 13, 13, 16], "rotation": 180, "texture": "#0"},
				"up": {"uv": [3, 15, 13, 16], "rotation": 180, "texture": "#0"},
				"down": {"uv": [3, 13, 13, 14], "texture": "#0"}
			}
		},
		{
			"from": [3, 0, 13],
			"to": [13, 3, 16],
			"rotation": {"angle": 0, "axis": "x", "origin": [18, 1, 21]},
			"faces": {
				"north": {"uv": [3, 0, 13, 3], "rotation": 180, "texture": "#1"},
				"south": {"uv": [3, 0, 13, 3], "rotation": 180, "texture": "#0"},
				"up": {"uv": [3, 2, 13, 3], "rotation": 180, "texture": "#0"},
				"down": {"uv": [3, 0, 13, 1], "rotation": 180, "texture": "#0"}
			}
		},
		{
			"from": [4, 12, 13],
			"to": [5, 13, 16],
			"rotation": {"angle": 0, "axis": "x", "origin": [18, 1, 21]},
			"faces": {
				"north": {"uv": [4, 12, 5, 13], "rotation": 180, "texture": "#1"},
				"east": {"uv": [11, 12, 12, 13], "rotation": 270, "texture": "#0"},
				"south": {"uv": [11, 12, 12, 13], "texture": "#0"},
				"west": {"uv": [11, 12, 12, 13], "rotation": 90, "texture": "#0"},
				"down": {"uv": [11, 12, 12, 13], "texture": "#0"}
			}
		},
		{
			"from": [3, 6, 13],
			"to": [4, 11, 16],
			"rotation": {"angle": 0, "axis": "x", "origin": [18, 1, 21]},
			"faces": {
				"north": {"uv": [3, 5, 4, 10], "rotation": 180, "texture": "#1"},
				"east": {"uv": [12, 5, 13, 10], "rotation": 180, "texture": "#0"},
				"south": {"uv": [12, 5, 13, 10], "rotation": 180, "texture": "#0"},
				"up": {"uv": [12, 9, 13, 10], "rotation": 180, "texture": "#0"},
				"down": {"uv": [12, 5, 13, 6], "texture": "#0"}
			}
		},
		{
			"from": [5, 3, 13],
			"to": [8, 4, 16],
			"rotation": {"angle": 0, "axis": "x", "origin": [18, 1, 21]},
			"faces": {
				"north": {"uv": [5, 3, 8, 4], "rotation": 180, "texture": "#1"},
				"east": {"uv": [8, 3, 9, 4], "rotation": 270, "texture": "#0"},
				"south": {"uv": [8, 3, 11, 4], "rotation": 180, "texture": "#0"},
				"west": {"uv": [10, 3, 11, 4], "rotation": 90, "texture": "#0"},
				"up": {"uv": [8, 3, 11, 4], "rotation": 180, "texture": "#0"}
			}
		},
		{
			"from": [6, 4, 13],
			"to": [7, 7, 16],
			"rotation": {"angle": 0, "axis": "x", "origin": [18, 1, 21]},
			"faces": {
				"north": {"uv": [6, 4, 7, 7], "rotation": 180, "texture": "#1"},
				"east": {"uv": [9, 4, 10, 7], "rotation": 180, "texture": "#0"},
				"south": {"uv": [9, 4, 10, 7], "rotation": 180, "texture": "#0"},
				"west": {"uv": [9, 4, 10, 7], "rotation": 180, "texture": "#0"},
				"up": {"uv": [9, 6, 10, 7], "rotation": 180, "texture": "#0"}
			}
		},
		{
			"from": [5, 5, 13],
			"to": [6, 12, 16],
			"rotation": {"angle": 0, "axis": "x", "origin": [18, 1, 21]},
			"faces": {
				"north": {"uv": [5, 5, 6, 12], "rotation": 180, "texture": "#1"},
				"east": {"uv": [10, 5, 11, 12], "rotation": 180, "texture": "#0"},
				"south": {"uv": [10, 5, 11, 12], "rotation": 180, "texture": "#0"},
				"west": {"uv": [10, 5, 11, 12], "rotation": 180, "texture": "#0"},
				"up": {"uv": [10, 11, 11, 12], "rotation": 180, "texture": "#0"},
				"down": {"uv": [10, 5, 11, 6], "texture": "#0"}
			}
		},
		{
			"from": [6, 10, 13],
			"to": [7, 13, 16],
			"rotation": {"angle": 0, "axis": "x", "origin": [18, 1, 21]},
			"faces": {
				"north": {"uv": [6, 10, 7, 13], "rotation": 180, "texture": "#1"},
				"east": {"uv": [9, 10, 10, 13], "texture": "#0"},
				"south": {"uv": [9, 10, 10, 13], "texture": "#0"},
				"west": {"uv": [9, 10, 10, 13], "rotation": 180, "texture": "#0"},
				"down": {"uv": [9, 10, 10, 11], "texture": "#0"}
			}
		},
		{
			"from": [12, 6, 13],
			"to": [13, 8, 16],
			"rotation": {"angle": 0, "axis": "x", "origin": [18, 1, 21]},
			"faces": {
				"north": {"uv": [12, 6, 13, 8], "rotation": 180, "texture": "#1"},
				"south": {"uv": [3, 6, 4, 8], "texture": "#0"},
				"west": {"uv": [3, 6, 4, 8], "rotation": 180, "texture": "#0"},
				"up": {"uv": [3, 7, 4, 8], "rotation": 180, "texture": "#0"},
				"down": {"uv": [3, 6, 4, 7], "texture": "#0"}
			}
		},
		{
			"from": [10, 9, 13],
			"to": [12, 13, 16],
			"rotation": {"angle": 0, "axis": "x", "origin": [18, 1, 21]},
			"faces": {
				"north": {"uv": [10, 9, 12, 13], "rotation": 180, "texture": "#1"},
				"east": {"uv": [4, 9, 5, 13], "rotation": 180, "texture": "#0"},
				"south": {"uv": [4, 9, 6, 13], "rotation": 180, "texture": "#0"},
				"west": {"uv": [5, 9, 6, 13], "rotation": 180, "texture": "#0"},
				"down": {"uv": [4, 9, 6, 10], "rotation": 180, "texture": "#0"}
			}
		},
		{
			"from": [9, 12, 13],
			"to": [10, 13, 16],
			"rotation": {"angle": 0, "axis": "x", "origin": [18, 1, 21]},
			"faces": {
				"north": {"uv": [9, 12, 10, 13], "rotation": 180, "texture": "#1"},
				"south": {"uv": [6, 12, 7, 13], "texture": "#0"},
				"west": {"uv": [6, 12, 7, 13], "rotation": 90, "texture": "#0"},
				"down": {"uv": [6, 12, 7, 13], "texture": "#0"}
			}
		},
		{
			"from": [9, 4, 13],
			"to": [10, 10, 16],
			"rotation": {"angle": 0, "axis": "x", "origin": [18, 1, 21]},
			"faces": {
				"north": {"uv": [9, 4, 10, 10], "rotation": 180, "texture": "#1"},
				"east": {"uv": [6, 4, 7, 10], "rotation": 180, "texture": "#0"},
				"south": {"uv": [6, 4, 7, 10], "rotation": 180, "texture": "#0"},
				"west": {"uv": [6, 4, 7, 10], "rotation": 180, "texture": "#0"},
				"up": {"uv": [6, 9, 7, 10], "rotation": 180, "texture": "#0"},
				"down": {"uv": [6, 4, 7, 5], "texture": "#0"}
			}
		},
		{
			"from": [10, 8, 13],
			"to": [11, 9, 16],
			"rotation": {"angle": 0, "axis": "x", "origin": [18, 1, 21]},
			"faces": {
				"north": {"uv": [10, 8, 11, 9], "rotation": 180, "texture": "#1"},
				"east": {"uv": [5, 8, 6, 9], "rotation": 270, "texture": "#0"},
				"south": {"uv": [5, 8, 6, 9], "texture": "#0"},
				"down": {"uv": [5, 8, 6, 9], "texture": "#0"}
			}
		},
		{
			"from": [10, 3, 13],
			"to": [11, 6, 16],
			"rotation": {"angle": 0, "axis": "x", "origin": [18, 1, 21]},
			"faces": {
				"north": {"uv": [10, 3, 11, 6], "rotation": 180, "texture": "#1"},
				"east": {"uv": [5, 3, 6, 6], "rotation": 180, "texture": "#0"},
				"south": {"uv": [5, 3, 6, 6], "rotation": 180, "texture": "#0"},
				"west": {"uv": [5, 3, 6, 6], "rotation": 180, "texture": "#0"},
				"up": {"uv": [5, 5, 6, 6], "rotation": 180, "texture": "#0"}
			}
		},
		{
			"from": [11, 3, 13],
			"to": [12, 5, 16],
			"rotation": {"angle": 0, "axis": "x", "origin": [18, 1, 21]},
			"faces": {
				"north": {"uv": [11, 3, 12, 5], "rotation": 180, "texture": "#1"},
				"east": {"uv": [4, 3, 5, 5], "rotation": 180, "texture": "#0"},
				"south": {"uv": [4, 3, 5, 5], "rotation": 180, "texture": "#0"},
				"up": {"uv": [4, 4, 5, 5], "rotation": 180, "texture": "#0"}
			}
		}
	]
}