{
  "parent": "minecraft:item/generated",
  "textures": {
    "layer0": "minecraft:item/copper_ingot"
  },
  "overrides":[
    {"predicate": {"custom_model_data": 1}, "model": "item/trash_can_yellow"},
    {"predicate": {"custom_model_data": 2}, "model": "item/trash_can_green"},
    {"predicate": {"custom_model_data": 3}, "model": "item/trash_can_blue"},
    {"predicate": {"custom_model_data": 4}, "model": "item/trash_can_black"},
    {"predicate": {"custom_model_data": 5}, "model": "item/trash_can_brown"}
  ]
}