{
	"credit": "Made with Blockbench",
	"textures": {
		"0": "item/fan_1",
		"1": "item/glass_1",
		"2": "item/case_1_back",
		"3": "item/case_1_fansupport",
		"4": "item/case_1_side",
		"5": "item/case_1_usb",
		"6": "item/motherboard_1",
		"particle": "item/case_1_back"
	},
	"elements": [
		{
			"from": [7.75, 9, 0.5],
			"to": [8.25, 9.5, 1],
			"rotation": {"angle": 0, "axis": "y", "origin": [16, 17, 9]},
			"faces": {
				"north": {"uv": [8, 0, 10, 2], "texture": "#0"},
				"east": {"uv": [8, 0, 10, 2], "texture": "#0"},
				"south": {"uv": [8, 0, 10, 2], "texture": "#0"},
				"west": {"uv": [8, 0, 10, 2], "texture": "#0"},
				"up": {"uv": [8, 0, 10, 2], "texture": "#0"},
				"down": {"uv": [8, 0, 10, 2], "texture": "#0"}
			}
		},
		{
			"from": [7.75, 4, 0.5],
			"to": [8.25, 4.5, 1],
			"rotation": {"angle": 0, "axis": "y", "origin": [16, 12, 9]},
			"faces": {
				"north": {"uv": [8, 0, 10, 2], "texture": "#0"},
				"east": {"uv": [8, 0, 10, 2], "texture": "#0"},
				"south": {"uv": [8, 0, 10, 2], "texture": "#0"},
				"west": {"uv": [8, 0, 10, 2], "texture": "#0"},
				"up": {"uv": [8, 0, 10, 2], "texture": "#0"},
				"down": {"uv": [8, 0, 10, 2], "texture": "#0"}
			}
		},
		{
			"from": [7.75, 9, 15],
			"to": [8.25, 9.5, 15.5],
			"rotation": {"angle": 0, "axis": "y", "origin": [16, 17, 24]},
			"faces": {
				"north": {"uv": [8, 0, 10, 2], "texture": "#0"},
				"east": {"uv": [8, 0, 10, 2], "texture": "#0"},
				"south": {"uv": [8, 0, 10, 2], "texture": "#0"},
				"west": {"uv": [8, 0, 10, 2], "texture": "#0"},
				"up": {"uv": [8, 0, 10, 2], "texture": "#0"},
				"down": {"uv": [8, 0, 10, 2], "texture": "#0"}
			}
		},
		{
			"from": [7.75, 9, 0.5],
			"to": [8.25, 9.5, 1],
			"rotation": {"angle": 45, "axis": "z", "origin": [8, 9.25, 1]},
			"faces": {
				"north": {"uv": [0, 0, 2, 2], "texture": "#0"},
				"east": {"uv": [0, 0, 2, 2], "texture": "#0"},
				"south": {"uv": [0, 0, 2, 2], "texture": "#0"},
				"west": {"uv": [0, 0, 2, 2], "texture": "#0"},
				"up": {"uv": [0, 0, 2, 2], "texture": "#0"},
				"down": {"uv": [0, 0, 2, 2], "texture": "#0"}
			}
		},
		{
			"from": [7.75, 4, 0.5],
			"to": [8.25, 4.5, 1],
			"rotation": {"angle": 45, "axis": "z", "origin": [8, 4.25, 1]},
			"faces": {
				"north": {"uv": [0, 0, 2, 2], "texture": "#0"},
				"east": {"uv": [0, 0, 2, 2], "texture": "#0"},
				"south": {"uv": [0, 0, 2, 2], "texture": "#0"},
				"west": {"uv": [0, 0, 2, 2], "texture": "#0"},
				"up": {"uv": [0, 0, 2, 2], "texture": "#0"},
				"down": {"uv": [0, 0, 2, 2], "texture": "#0"}
			}
		},
		{
			"from": [7.75, 9, 15],
			"to": [8.25, 9.5, 15.5],
			"rotation": {"angle": 45, "axis": "z", "origin": [8, 9.25, 16]},
			"faces": {
				"north": {"uv": [0, 0, 2, 2], "texture": "#0"},
				"east": {"uv": [0, 0, 2, 2], "texture": "#0"},
				"south": {"uv": [0, 0, 2, 2], "texture": "#0"},
				"west": {"uv": [0, 0, 2, 2], "texture": "#0"},
				"up": {"uv": [0, 0, 2, 2], "texture": "#0"},
				"down": {"uv": [0, 0, 2, 2], "texture": "#0"}
			}
		},
		{
			"from": [7.75, 9.5, 0.5],
			"to": [8.25, 11, 0.75],
			"rotation": {"angle": 0, "axis": "y", "origin": [16, 18, 9]},
			"faces": {
				"north": {"uv": [8, 0, 10, 2], "texture": "#0"},
				"east": {"uv": [8, 0, 10, 2], "texture": "#0"},
				"south": {"uv": [8, 0, 10, 2], "texture": "#0"},
				"west": {"uv": [8, 0, 10, 2], "texture": "#0"},
				"up": {"uv": [8, 0, 10, 2], "texture": "#0"},
				"down": {"uv": [8, 0, 10, 2], "texture": "#0"}
			}
		},
		{
			"from": [7.75, 4.5, 0.5],
			"to": [8.25, 6, 0.75],
			"rotation": {"angle": 0, "axis": "y", "origin": [16, 13, 9]},
			"faces": {
				"north": {"uv": [8, 0, 10, 2], "texture": "#0"},
				"east": {"uv": [8, 0, 10, 2], "texture": "#0"},
				"south": {"uv": [8, 0, 10, 2], "texture": "#0"},
				"west": {"uv": [8, 0, 10, 2], "texture": "#0"},
				"up": {"uv": [8, 0, 10, 2], "texture": "#0"},
				"down": {"uv": [8, 0, 10, 2], "texture": "#0"}
			}
		},
		{
			"from": [7.75, 9.5, 15.25],
			"to": [8.25, 11, 15.5],
			"rotation": {"angle": 0, "axis": "y", "origin": [16, 18, 24]},
			"faces": {
				"north": {"uv": [8, 0, 10, 2], "texture": "#0"},
				"east": {"uv": [8, 0, 10, 2], "texture": "#0"},
				"south": {"uv": [8, 0, 10, 2], "texture": "#0"},
				"west": {"uv": [8, 0, 10, 2], "texture": "#0"},
				"up": {"uv": [8, 0, 10, 2], "texture": "#0"},
				"down": {"uv": [8, 0, 10, 2], "texture": "#0"}
			}
		},
		{
			"from": [7.75, 9.5, 0.5],
			"to": [8.25, 11, 0.75],
			"rotation": {"angle": 45, "axis": "z", "origin": [8, 9.25, 1]},
			"faces": {
				"north": {"uv": [0, 0, 2, 2], "texture": "#0"},
				"east": {"uv": [0, 0, 2, 2], "texture": "#0"},
				"south": {"uv": [0, 0, 2, 2], "texture": "#0"},
				"west": {"uv": [0, 0, 2, 2], "texture": "#0"},
				"up": {"uv": [0, 0, 2, 2], "texture": "#0"},
				"down": {"uv": [0, 0, 2, 2], "texture": "#0"}
			}
		},
		{
			"from": [7.75, 4.5, 0.5],
			"to": [8.25, 6, 0.75],
			"rotation": {"angle": 45, "axis": "z", "origin": [8, 4.25, 1]},
			"faces": {
				"north": {"uv": [0, 0, 2, 2], "texture": "#0"},
				"east": {"uv": [0, 0, 2, 2], "texture": "#0"},
				"south": {"uv": [0, 0, 2, 2], "texture": "#0"},
				"west": {"uv": [0, 0, 2, 2], "texture": "#0"},
				"up": {"uv": [0, 0, 2, 2], "texture": "#0"},
				"down": {"uv": [0, 0, 2, 2], "texture": "#0"}
			}
		},
		{
			"from": [7.75, 9.5, 15.25],
			"to": [8.25, 11, 15.5],
			"rotation": {"angle": 45, "axis": "z", "origin": [8, 9.25, 16]},
			"faces": {
				"north": {"uv": [0, 0, 2, 2], "texture": "#0"},
				"east": {"uv": [0, 0, 2, 2], "texture": "#0"},
				"south": {"uv": [0, 0, 2, 2], "texture": "#0"},
				"west": {"uv": [0, 0, 2, 2], "texture": "#0"},
				"up": {"uv": [0, 0, 2, 2], "texture": "#0"},
				"down": {"uv": [0, 0, 2, 2], "texture": "#0"}
			}
		},
		{
			"from": [7.75, 7.5, 0.5],
			"to": [8.25, 9, 0.75],
			"rotation": {"angle": 0, "axis": "y", "origin": [16, 16, 9]},
			"faces": {
				"north": {"uv": [8, 0, 10, 2], "texture": "#0"},
				"east": {"uv": [8, 0, 10, 2], "texture": "#0"},
				"south": {"uv": [8, 0, 10, 2], "texture": "#0"},
				"west": {"uv": [8, 0, 10, 2], "texture": "#0"},
				"up": {"uv": [8, 0, 10, 2], "texture": "#0"},
				"down": {"uv": [8, 0, 10, 2], "texture": "#0"}
			}
		},
		{
			"from": [7.75, 2.5, 0.5],
			"to": [8.25, 4, 0.75],
			"rotation": {"angle": 0, "axis": "y", "origin": [16, 11, 9]},
			"faces": {
				"north": {"uv": [8, 0, 10, 2], "texture": "#0"},
				"east": {"uv": [8, 0, 10, 2], "texture": "#0"},
				"south": {"uv": [8, 0, 10, 2], "texture": "#0"},
				"west": {"uv": [8, 0, 10, 2], "texture": "#0"},
				"up": {"uv": [8, 0, 10, 2], "texture": "#0"},
				"down": {"uv": [8, 0, 10, 2], "texture": "#0"}
			}
		},
		{
			"from": [7.75, 7.5, 15.25],
			"to": [8.25, 9, 15.5],
			"rotation": {"angle": 0, "axis": "y", "origin": [16, 16, 24]},
			"faces": {
				"north": {"uv": [8, 0, 10, 2], "texture": "#0"},
				"east": {"uv": [8, 0, 10, 2], "texture": "#0"},
				"south": {"uv": [8, 0, 10, 2], "texture": "#0"},
				"west": {"uv": [8, 0, 10, 2], "texture": "#0"},
				"up": {"uv": [8, 0, 10, 2], "texture": "#0"},
				"down": {"uv": [8, 0, 10, 2], "texture": "#0"}
			}
		},
		{
			"from": [7.75, 7.5, 0.5],
			"to": [8.25, 9, 0.75],
			"rotation": {"angle": 45, "axis": "z", "origin": [8, 9.25, 1]},
			"faces": {
				"north": {"uv": [0, 0, 2, 2], "texture": "#0"},
				"east": {"uv": [0, 0, 2, 2], "texture": "#0"},
				"south": {"uv": [0, 0, 2, 2], "texture": "#0"},
				"west": {"uv": [0, 0, 2, 2], "texture": "#0"},
				"up": {"uv": [0, 0, 2, 2], "texture": "#0"},
				"down": {"uv": [0, 0, 2, 2], "texture": "#0"}
			}
		},
		{
			"from": [7.75, 2.5, 0.5],
			"to": [8.25, 4, 0.75],
			"rotation": {"angle": 45, "axis": "z", "origin": [8, 4.25, 1]},
			"faces": {
				"north": {"uv": [0, 0, 2, 2], "texture": "#0"},
				"east": {"uv": [0, 0, 2, 2], "texture": "#0"},
				"south": {"uv": [0, 0, 2, 2], "texture": "#0"},
				"west": {"uv": [0, 0, 2, 2], "texture": "#0"},
				"up": {"uv": [0, 0, 2, 2], "texture": "#0"},
				"down": {"uv": [0, 0, 2, 2], "texture": "#0"}
			}
		},
		{
			"from": [7.75, 7.5, 15.25],
			"to": [8.25, 9, 15.5],
			"rotation": {"angle": 45, "axis": "z", "origin": [8, 9.25, 16]},
			"faces": {
				"north": {"uv": [0, 0, 2, 2], "texture": "#0"},
				"east": {"uv": [0, 0, 2, 2], "texture": "#0"},
				"south": {"uv": [0, 0, 2, 2], "texture": "#0"},
				"west": {"uv": [0, 0, 2, 2], "texture": "#0"},
				"up": {"uv": [0, 0, 2, 2], "texture": "#0"},
				"down": {"uv": [0, 0, 2, 2], "texture": "#0"}
			}
		},
		{
			"from": [6.25, 9, 0.5],
			"to": [7.75, 9.5, 0.75],
			"rotation": {"angle": 0, "axis": "z", "origin": [7, 9, 1]},
			"faces": {
				"north": {"uv": [8, 0, 10, 2], "rotation": 270, "texture": "#0"},
				"east": {"uv": [8, 0, 10, 2], "rotation": 270, "texture": "#0"},
				"south": {"uv": [8, 0, 10, 2], "rotation": 270, "texture": "#0"},
				"west": {"uv": [8, 0, 10, 2], "rotation": 270, "texture": "#0"},
				"up": {"uv": [8, 0, 10, 2], "rotation": 270, "texture": "#0"},
				"down": {"uv": [8, 0, 10, 2], "rotation": 270, "texture": "#0"}
			}
		},
		{
			"from": [6.25, 4, 0.5],
			"to": [7.75, 4.5, 0.75],
			"rotation": {"angle": 0, "axis": "z", "origin": [7, 4, 1]},
			"faces": {
				"north": {"uv": [8, 0, 10, 2], "rotation": 270, "texture": "#0"},
				"east": {"uv": [8, 0, 10, 2], "rotation": 270, "texture": "#0"},
				"south": {"uv": [8, 0, 10, 2], "rotation": 270, "texture": "#0"},
				"west": {"uv": [8, 0, 10, 2], "rotation": 270, "texture": "#0"},
				"up": {"uv": [8, 0, 10, 2], "rotation": 270, "texture": "#0"},
				"down": {"uv": [8, 0, 10, 2], "rotation": 270, "texture": "#0"}
			}
		},
		{
			"from": [6.25, 9, 15.25],
			"to": [7.75, 9.5, 15.5],
			"rotation": {"angle": 0, "axis": "z", "origin": [7, 9, 16]},
			"faces": {
				"north": {"uv": [8, 0, 10, 2], "rotation": 270, "texture": "#0"},
				"east": {"uv": [8, 0, 10, 2], "rotation": 270, "texture": "#0"},
				"south": {"uv": [8, 0, 10, 2], "rotation": 270, "texture": "#0"},
				"west": {"uv": [8, 0, 10, 2], "rotation": 270, "texture": "#0"},
				"up": {"uv": [8, 0, 10, 2], "rotation": 270, "texture": "#0"},
				"down": {"uv": [8, 0, 10, 2], "rotation": 270, "texture": "#0"}
			}
		},
		{
			"from": [6.25, 9, 0.5],
			"to": [7.75, 9.5, 0.75],
			"rotation": {"angle": 45, "axis": "z", "origin": [8, 9.25, 1]},
			"faces": {
				"north": {"uv": [0, 0, 2, 2], "rotation": 270, "texture": "#0"},
				"east": {"uv": [0, 0, 2, 2], "rotation": 270, "texture": "#0"},
				"south": {"uv": [0, 0, 2, 2], "rotation": 270, "texture": "#0"},
				"west": {"uv": [0, 0, 2, 2], "rotation": 270, "texture": "#0"},
				"up": {"uv": [0, 0, 2, 2], "rotation": 270, "texture": "#0"},
				"down": {"uv": [0, 0, 2, 2], "rotation": 270, "texture": "#0"}
			}
		},
		{
			"from": [6.25, 4, 0.5],
			"to": [7.75, 4.5, 0.75],
			"rotation": {"angle": 45, "axis": "z", "origin": [8, 4.25, 1]},
			"faces": {
				"north": {"uv": [0, 0, 2, 2], "rotation": 270, "texture": "#0"},
				"east": {"uv": [0, 0, 2, 2], "rotation": 270, "texture": "#0"},
				"south": {"uv": [0, 0, 2, 2], "rotation": 270, "texture": "#0"},
				"west": {"uv": [0, 0, 2, 2], "rotation": 270, "texture": "#0"},
				"up": {"uv": [0, 0, 2, 2], "rotation": 270, "texture": "#0"},
				"down": {"uv": [0, 0, 2, 2], "rotation": 270, "texture": "#0"}
			}
		},
		{
			"from": [6.25, 9, 15.25],
			"to": [7.75, 9.5, 15.5],
			"rotation": {"angle": 45, "axis": "z", "origin": [8, 9.25, 16]},
			"faces": {
				"north": {"uv": [0, 0, 2, 2], "rotation": 270, "texture": "#0"},
				"east": {"uv": [0, 0, 2, 2], "rotation": 270, "texture": "#0"},
				"south": {"uv": [0, 0, 2, 2], "rotation": 270, "texture": "#0"},
				"west": {"uv": [0, 0, 2, 2], "rotation": 270, "texture": "#0"},
				"up": {"uv": [0, 0, 2, 2], "rotation": 270, "texture": "#0"},
				"down": {"uv": [0, 0, 2, 2], "rotation": 270, "texture": "#0"}
			}
		},
		{
			"from": [8.25, 9, 0.5],
			"to": [9.75, 9.5, 0.75],
			"rotation": {"angle": 0, "axis": "z", "origin": [10, 9, 1]},
			"faces": {
				"north": {"uv": [8, 0, 10, 2], "rotation": 270, "texture": "#0"},
				"east": {"uv": [8, 0, 10, 2], "rotation": 270, "texture": "#0"},
				"south": {"uv": [8, 0, 10, 2], "rotation": 270, "texture": "#0"},
				"west": {"uv": [8, 0, 10, 2], "rotation": 270, "texture": "#0"},
				"up": {"uv": [8, 0, 10, 2], "rotation": 270, "texture": "#0"},
				"down": {"uv": [8, 0, 10, 2], "rotation": 270, "texture": "#0"}
			}
		},
		{
			"from": [8.25, 4, 0.5],
			"to": [9.75, 4.5, 0.75],
			"rotation": {"angle": 0, "axis": "z", "origin": [10, 4, 1]},
			"faces": {
				"north": {"uv": [8, 0, 10, 2], "rotation": 270, "texture": "#0"},
				"east": {"uv": [8, 0, 10, 2], "rotation": 270, "texture": "#0"},
				"south": {"uv": [8, 0, 10, 2], "rotation": 270, "texture": "#0"},
				"west": {"uv": [8, 0, 10, 2], "rotation": 270, "texture": "#0"},
				"up": {"uv": [8, 0, 10, 2], "rotation": 270, "texture": "#0"},
				"down": {"uv": [8, 0, 10, 2], "rotation": 270, "texture": "#0"}
			}
		},
		{
			"from": [8.25, 9, 15.25],
			"to": [9.75, 9.5, 15.5],
			"rotation": {"angle": 0, "axis": "z", "origin": [10, 9, 16]},
			"faces": {
				"north": {"uv": [8, 0, 10, 2], "rotation": 270, "texture": "#0"},
				"east": {"uv": [8, 0, 10, 2], "rotation": 270, "texture": "#0"},
				"south": {"uv": [8, 0, 10, 2], "rotation": 270, "texture": "#0"},
				"west": {"uv": [8, 0, 10, 2], "rotation": 270, "texture": "#0"},
				"up": {"uv": [8, 0, 10, 2], "rotation": 270, "texture": "#0"},
				"down": {"uv": [8, 0, 10, 2], "rotation": 270, "texture": "#0"}
			}
		},
		{
			"from": [8.25, 9, 0.5],
			"to": [9.75, 9.5, 0.75],
			"rotation": {"angle": 45, "axis": "z", "origin": [8, 9.25, 1]},
			"faces": {
				"north": {"uv": [0, 0, 2, 2], "rotation": 270, "texture": "#0"},
				"east": {"uv": [0, 0, 2, 2], "rotation": 270, "texture": "#0"},
				"south": {"uv": [0, 0, 2, 2], "rotation": 270, "texture": "#0"},
				"west": {"uv": [0, 0, 2, 2], "rotation": 270, "texture": "#0"},
				"up": {"uv": [0, 0, 2, 2], "rotation": 270, "texture": "#0"},
				"down": {"uv": [0, 0, 2, 2], "rotation": 270, "texture": "#0"}
			}
		},
		{
			"from": [8.25, 4, 0.5],
			"to": [9.75, 4.5, 0.75],
			"rotation": {"angle": 45, "axis": "z", "origin": [8, 4.25, 1]},
			"faces": {
				"north": {"uv": [0, 0, 2, 2], "rotation": 270, "texture": "#0"},
				"east": {"uv": [0, 0, 2, 2], "rotation": 270, "texture": "#0"},
				"south": {"uv": [0, 0, 2, 2], "rotation": 270, "texture": "#0"},
				"west": {"uv": [0, 0, 2, 2], "rotation": 270, "texture": "#0"},
				"up": {"uv": [0, 0, 2, 2], "rotation": 270, "texture": "#0"},
				"down": {"uv": [0, 0, 2, 2], "rotation": 270, "texture": "#0"}
			}
		},
		{
			"from": [8.25, 9, 15.25],
			"to": [9.75, 9.5, 15.5],
			"rotation": {"angle": 45, "axis": "z", "origin": [8, 9.25, 16]},
			"faces": {
				"north": {"uv": [0, 0, 2, 2], "rotation": 270, "texture": "#0"},
				"east": {"uv": [0, 0, 2, 2], "rotation": 270, "texture": "#0"},
				"south": {"uv": [0, 0, 2, 2], "rotation": 270, "texture": "#0"},
				"west": {"uv": [0, 0, 2, 2], "rotation": 270, "texture": "#0"},
				"up": {"uv": [0, 0, 2, 2], "rotation": 270, "texture": "#0"},
				"down": {"uv": [0, 0, 2, 2], "rotation": 270, "texture": "#0"}
			}
		},
		{
			"from": [5, 1, 0.9],
			"to": [11.5, 2, 15],
			"rotation": {"angle": 0, "axis": "y", "origin": [13, 9, 8]},
			"faces": {
				"north": {"uv": [0, 0, 6.5, 1], "texture": "#2"},
				"east": {"uv": [0, 0, 14, 1], "texture": "#2"},
				"south": {"uv": [0, 0, 6.5, 1], "texture": "#2"},
				"west": {"uv": [0, 0, 14, 1], "texture": "#2"},
				"up": {"uv": [0, 0, 6.5, 14], "texture": "#2"},
				"down": {"uv": [0, 0, 6.5, 14], "texture": "#2"}
			}
		},
		{
			"from": [5, 13, 1],
			"to": [11.5, 13.5, 15],
			"rotation": {"angle": 0, "axis": "y", "origin": [13, 21, 8]},
			"faces": {
				"north": {"uv": [0, 0, 6.5, 0.5], "texture": "#2"},
				"east": {"uv": [0, 0, 14, 0.5], "texture": "#2"},
				"south": {"uv": [0, 0, 6.5, 0.5], "texture": "#2"},
				"west": {"uv": [0, 0, 14, 0.5], "texture": "#2"},
				"up": {"uv": [0, 0, 6.5, 14], "texture": "#2"},
				"down": {"uv": [0, 0, 6.5, 14], "texture": "#2"}
			}
		},
		{
			"from": [5.5, 0, 1],
			"to": [6.5, 1, 2],
			"rotation": {"angle": 0, "axis": "y", "origin": [13, 8, 9]},
			"faces": {
				"north": {"uv": [0, 0, 1, 1], "texture": "#2"},
				"east": {"uv": [0, 0, 1, 1], "texture": "#2"},
				"south": {"uv": [0, 0, 1, 1], "texture": "#2"},
				"west": {"uv": [0, 0, 1, 1], "texture": "#2"},
				"down": {"uv": [0, 0, 1, 1], "texture": "#2"}
			}
		},
		{
			"from": [10, 0, 1],
			"to": [11, 1, 2],
			"rotation": {"angle": 0, "axis": "y", "origin": [18, 8, 9]},
			"faces": {
				"north": {"uv": [0, 0, 1, 1], "texture": "#2"},
				"east": {"uv": [0, 0, 1, 1], "texture": "#2"},
				"south": {"uv": [0, 0, 1, 1], "texture": "#2"},
				"west": {"uv": [0, 0, 1, 1], "texture": "#2"},
				"down": {"uv": [0, 0, 1, 1], "texture": "#2"}
			}
		},
		{
			"from": [10, 0, 14],
			"to": [11, 1, 15],
			"rotation": {"angle": 0, "axis": "y", "origin": [18, 8, 22]},
			"faces": {
				"north": {"uv": [0, 0, 1, 1], "texture": "#2"},
				"east": {"uv": [0, 0, 1, 1], "texture": "#2"},
				"south": {"uv": [0, 0, 1, 1], "texture": "#2"},
				"west": {"uv": [0, 0, 1, 1], "texture": "#2"},
				"down": {"uv": [0, 0, 1, 1], "texture": "#2"}
			}
		},
		{
			"from": [5.5, 0, 14],
			"to": [6.5, 1, 15],
			"rotation": {"angle": 0, "axis": "y", "origin": [13, 8, 22]},
			"faces": {
				"north": {"uv": [0, 0, 1, 1], "texture": "#2"},
				"east": {"uv": [0, 0, 1, 1], "texture": "#2"},
				"south": {"uv": [0, 0, 1, 1], "texture": "#2"},
				"west": {"uv": [0, 0, 1, 1], "texture": "#2"},
				"down": {"uv": [0, 0, 1, 1], "texture": "#2"}
			}
		},
		{
			"from": [5.5, 0, 7.5],
			"to": [6.5, 1, 8.5],
			"rotation": {"angle": 0, "axis": "y", "origin": [13, 8, 16]},
			"faces": {
				"north": {"uv": [0, 0, 1, 1], "texture": "#2"},
				"east": {"uv": [0, 0, 1, 1], "texture": "#2"},
				"south": {"uv": [0, 0, 1, 1], "texture": "#2"},
				"west": {"uv": [0, 0, 1, 1], "texture": "#2"},
				"down": {"uv": [0, 0, 1, 1], "texture": "#2"}
			}
		},
		{
			"from": [10, 0, 7.5],
			"to": [11, 1, 8.5],
			"rotation": {"angle": 0, "axis": "y", "origin": [18, 8, 16]},
			"faces": {
				"north": {"uv": [0, 0, 1, 1], "texture": "#2"},
				"east": {"uv": [0, 0, 1, 1], "texture": "#2"},
				"south": {"uv": [0, 0, 1, 1], "texture": "#2"},
				"west": {"uv": [0, 0, 1, 1], "texture": "#2"},
				"down": {"uv": [0, 0, 1, 1], "texture": "#2"}
			}
		},
		{
			"from": [4.5, 2, 1],
			"to": [5, 13, 15],
			"rotation": {"angle": 0, "axis": "y", "origin": [12, 10, 8]},
			"faces": {
				"north": {"uv": [0, 0, 0.5, 11], "texture": "#2"},
				"east": {"uv": [0, 3.54286, 16, 16], "texture": "#6"},
				"south": {"uv": [0, 0, 0.5, 11], "texture": "#2"},
				"west": {"uv": [1, 3, 15, 14], "texture": "#4"},
				"up": {"uv": [0, 0, 0.5, 14], "texture": "#2"},
				"down": {"uv": [0, 0, 0.5, 14], "texture": "#2"}
			}
		},
		{
			"from": [5, 2, 0.5],
			"to": [6, 13, 1],
			"rotation": {"angle": 0, "axis": "y", "origin": [13, 10, 8]},
			"faces": {
				"north": {"uv": [0, 0, 1, 11], "texture": "#2"},
				"east": {"uv": [0, 0, 0.5, 11], "texture": "#2"},
				"south": {"uv": [0, 0, 1, 11], "texture": "#2"},
				"west": {"uv": [0, 0, 0.5, 11], "texture": "#2"},
				"up": {"uv": [0, 0, 1, 0.5], "texture": "#2"},
				"down": {"uv": [0, 0, 1, 0.5], "texture": "#2"}
			}
		},
		{
			"from": [5, 2, 15],
			"to": [6, 13, 15.5],
			"rotation": {"angle": 0, "axis": "y", "origin": [13, 10, 22]},
			"faces": {
				"north": {"uv": [0, 0, 1, 11], "texture": "#2"},
				"east": {"uv": [0, 0, 0.5, 11], "texture": "#2"},
				"south": {"uv": [0, 0, 1, 11], "texture": "#2"},
				"west": {"uv": [0, 0, 0.5, 11], "texture": "#2"},
				"up": {"uv": [0, 0, 1, 0.5], "texture": "#2"},
				"down": {"uv": [0, 0, 1, 0.5], "texture": "#2"}
			}
		},
		{
			"from": [10, 2, 0.5],
			"to": [11.5, 13, 1],
			"rotation": {"angle": 0, "axis": "y", "origin": [18, 10, 8]},
			"faces": {
				"north": {"uv": [0, 0, 1.5, 11], "texture": "#2"},
				"east": {"uv": [0, 0, 0.5, 11], "texture": "#2"},
				"south": {"uv": [0, 0, 1.5, 11], "texture": "#2"},
				"west": {"uv": [0, 0, 0.5, 11], "texture": "#2"},
				"up": {"uv": [0, 0, 1.5, 0.5], "texture": "#2"},
				"down": {"uv": [0, 0, 1.5, 0.5], "texture": "#2"}
			}
		},
		{
			"from": [10, 2, 15],
			"to": [11.5, 13, 15.5],
			"rotation": {"angle": 0, "axis": "y", "origin": [18, 10, 22]},
			"faces": {
				"north": {"uv": [0, 0, 1.5, 11], "texture": "#2"},
				"east": {"uv": [0, 0, 0.5, 11], "texture": "#2"},
				"south": {"uv": [0, 0, 1.5, 11], "texture": "#2"},
				"west": {"uv": [0, 0, 0.5, 11], "texture": "#2"},
				"up": {"uv": [0, 0, 1.5, 0.5], "texture": "#2"},
				"down": {"uv": [0, 0, 1.5, 0.5], "texture": "#2"}
			}
		},
		{
			"from": [6, 6.25, 0.5],
			"to": [10, 7.25, 1],
			"rotation": {"angle": 0, "axis": "y", "origin": [14, 14, 8]},
			"faces": {
				"north": {"uv": [0, 0, 4, 1], "texture": "#2"},
				"south": {"uv": [0, 0, 4, 1], "texture": "#2"},
				"up": {"uv": [0, 0, 4, 0.5], "texture": "#2"},
				"down": {"uv": [0, 0, 4, 0.5], "texture": "#2"}
			}
		},
		{
			"from": [6, 11.25, 0.5],
			"to": [10, 13, 1],
			"rotation": {"angle": 0, "axis": "y", "origin": [14, 19, 8]},
			"faces": {
				"north": {"uv": [0, 0, 4, 1.75], "texture": "#2"},
				"south": {"uv": [0, 0, 4, 1.75], "texture": "#2"},
				"up": {"uv": [0, 0, 4, 0.5], "texture": "#2"},
				"down": {"uv": [0, 0, 4, 0.5], "texture": "#2"}
			}
		},
		{
			"from": [6, 11.25, 15],
			"to": [10, 13, 15.5],
			"rotation": {"angle": 0, "axis": "y", "origin": [14, 19, 22]},
			"faces": {
				"north": {"uv": [0, 0, 4, 1.75], "texture": "#2"},
				"south": {"uv": [0, 0, 4, 1.75], "texture": "#2"},
				"up": {"uv": [0, 0, 4, 0.5], "texture": "#2"},
				"down": {"uv": [0, 0, 4, 0.5], "texture": "#2"}
			}
		},
		{
			"from": [6, 2, 15],
			"to": [10, 7.25, 15.5],
			"rotation": {"angle": 0, "axis": "y", "origin": [14, 10, 22]},
			"faces": {
				"north": {"uv": [0, 0, 4, 5.25], "texture": "#2"},
				"south": {"uv": [2.07407, 0, 13.62963, 15.7037], "texture": "#5"},
				"up": {"uv": [0, 0, 4, 0.5], "texture": "#2"},
				"down": {"uv": [0, 0, 4, 0.5], "texture": "#2"}
			}
		},
		{
			"from": [11.5, 2, 1],
			"to": [11.5, 13, 15],
			"rotation": {"angle": 0, "axis": "y", "origin": [19, 10, 9]},
			"faces": {
				"north": {"uv": [1, 3, 15, 14], "texture": "#1"},
				"east": {"uv": [1, 3, 15, 14], "texture": "#1"},
				"south": {"uv": [1, 3, 15, 14], "texture": "#1"},
				"west": {"uv": [1, 3, 15, 14], "texture": "#1"},
				"up": {"uv": [1, 3, 15, 14], "texture": "#1"},
				"down": {"uv": [1, 3, 15, 14], "texture": "#1"}
			}
		},
		{
			"from": [5.5, 4, 1],
			"to": [10.5, 4.5, 1.25],
			"rotation": {"angle": 0, "axis": "y", "origin": [18, 12, 9]},
			"faces": {
				"north": {"uv": [0, 0, 5, 0.5], "texture": "#3"},
				"east": {"uv": [0, 0, 0.25, 0.5], "texture": "#3"},
				"south": {"uv": [0, 0, 5, 0.5], "texture": "#3"},
				"west": {"uv": [0, 0, 0.25, 0.5], "texture": "#3"},
				"up": {"uv": [0, 0, 5, 0.25], "texture": "#3"},
				"down": {"uv": [0, 0, 5, 0.25], "texture": "#3"}
			}
		},
		{
			"from": [5.5, 9, 1],
			"to": [10.5, 9.5, 1.25],
			"rotation": {"angle": 0, "axis": "y", "origin": [18, 17, 9]},
			"faces": {
				"north": {"uv": [0, 0, 5, 0.5], "texture": "#3"},
				"east": {"uv": [0, 0, 0.25, 0.5], "texture": "#3"},
				"south": {"uv": [0, 0, 5, 0.5], "texture": "#3"},
				"west": {"uv": [0, 0, 0.25, 0.5], "texture": "#3"},
				"up": {"uv": [0, 0, 5, 0.25], "texture": "#3"},
				"down": {"uv": [0, 0, 5, 0.25], "texture": "#3"}
			}
		},
		{
			"from": [5.5, 9, 14.75],
			"to": [10.5, 9.5, 15],
			"rotation": {"angle": 0, "axis": "y", "origin": [18, 17, 22]},
			"faces": {
				"north": {"uv": [0, 0, 5, 0.5], "texture": "#3"},
				"east": {"uv": [0, 0, 0.25, 0.5], "texture": "#3"},
				"south": {"uv": [0, 0, 5, 0.5], "texture": "#3"},
				"west": {"uv": [0, 0, 0.25, 0.5], "texture": "#3"},
				"up": {"uv": [0, 0, 5, 0.25], "texture": "#3"},
				"down": {"uv": [0, 0, 5, 0.25], "texture": "#3"}
			}
		},
		{
			"from": [9, 2, 0.55],
			"to": [11, 3, 0.95],
			"rotation": {"angle": 45, "axis": "z", "origin": [10, 2, 0.5]},
			"faces": {
				"north": {"uv": [0, 0, 2, 1], "texture": "#2"},
				"east": {"uv": [0, 0, 2, 1], "texture": "#2"},
				"south": {"uv": [0, 0, 2, 1], "texture": "#2"},
				"west": {"uv": [0, 0, 2, 1], "texture": "#2"},
				"up": {"uv": [0, 0, 2, 1], "texture": "#2"},
				"down": {"uv": [0, 0, 2, 1], "texture": "#2"}
			}
		},
		{
			"from": [9, 5.5, 0.55],
			"to": [11, 6.5, 0.95],
			"rotation": {"angle": -45, "axis": "z", "origin": [10, 6.5, 0.5]},
			"faces": {
				"north": {"uv": [0, 0, 2, 1], "rotation": 180, "texture": "#2"},
				"east": {"uv": [0, 0, 2, 1], "rotation": 180, "texture": "#2"},
				"south": {"uv": [0, 0, 2, 1], "rotation": 180, "texture": "#2"},
				"west": {"uv": [0, 0, 2, 1], "rotation": 180, "texture": "#2"},
				"up": {"uv": [0, 0, 2, 1], "rotation": 180, "texture": "#2"},
				"down": {"uv": [0, 0, 2, 1], "rotation": 180, "texture": "#2"}
			}
		},
		{
			"from": [5, 5.5, 0.55],
			"to": [7, 6.5, 0.95],
			"rotation": {"angle": 45, "axis": "z", "origin": [6, 6.5, 0.5]},
			"faces": {
				"north": {"uv": [0, 0, 2, 1], "rotation": 180, "texture": "#2"},
				"east": {"uv": [0, 0, 2, 1], "rotation": 180, "texture": "#2"},
				"south": {"uv": [0, 0, 2, 1], "rotation": 180, "texture": "#2"},
				"west": {"uv": [0, 0, 2, 1], "rotation": 180, "texture": "#2"},
				"up": {"uv": [0, 0, 2, 1], "rotation": 180, "texture": "#2"},
				"down": {"uv": [0, 0, 2, 1], "rotation": 180, "texture": "#2"}
			}
		},
		{
			"from": [5, 10.5, 0.55],
			"to": [7, 11.5, 0.95],
			"rotation": {"angle": 45, "axis": "z", "origin": [6, 11.5, 0.5]},
			"faces": {
				"north": {"uv": [0, 0, 2, 1], "rotation": 180, "texture": "#2"},
				"east": {"uv": [0, 0, 2, 1], "rotation": 180, "texture": "#2"},
				"south": {"uv": [0, 0, 2, 1], "rotation": 180, "texture": "#2"},
				"west": {"uv": [0, 0, 2, 1], "rotation": 180, "texture": "#2"},
				"up": {"uv": [0, 0, 2, 1], "rotation": 180, "texture": "#2"},
				"down": {"uv": [0, 0, 2, 1], "rotation": 180, "texture": "#2"}
			}
		},
		{
			"from": [5, 10.5, 15.05],
			"to": [7, 11.5, 15.45],
			"rotation": {"angle": 45, "axis": "z", "origin": [6, 11.5, 0.5]},
			"faces": {
				"north": {"uv": [0, 0, 2, 1], "rotation": 180, "texture": "#2"},
				"east": {"uv": [0, 0, 2, 1], "rotation": 180, "texture": "#2"},
				"south": {"uv": [0, 0, 2, 1], "rotation": 180, "texture": "#2"},
				"west": {"uv": [0, 0, 2, 1], "rotation": 180, "texture": "#2"},
				"up": {"uv": [0, 0, 2, 1], "rotation": 180, "texture": "#2"},
				"down": {"uv": [0, 0, 2, 1], "rotation": 180, "texture": "#2"}
			}
		},
		{
			"from": [9, 10.5, 0.55],
			"to": [11, 11.5, 0.95],
			"rotation": {"angle": -45, "axis": "z", "origin": [10, 11.5, 0.5]},
			"faces": {
				"north": {"uv": [0, 0, 2, 1], "rotation": 180, "texture": "#2"},
				"east": {"uv": [0, 0, 2, 1], "rotation": 180, "texture": "#2"},
				"south": {"uv": [0, 0, 2, 1], "rotation": 180, "texture": "#2"},
				"west": {"uv": [0, 0, 2, 1], "rotation": 180, "texture": "#2"},
				"up": {"uv": [0, 0, 2, 1], "rotation": 180, "texture": "#2"},
				"down": {"uv": [0, 0, 2, 1], "rotation": 180, "texture": "#2"}
			}
		},
		{
			"from": [9, 10.5, 15.05],
			"to": [11, 11.5, 15.45],
			"rotation": {"angle": -45, "axis": "z", "origin": [10, 11.5, 0.5]},
			"faces": {
				"north": {"uv": [0, 0, 2, 1], "rotation": 180, "texture": "#2"},
				"east": {"uv": [0, 0, 2, 1], "rotation": 180, "texture": "#2"},
				"south": {"uv": [0, 0, 2, 1], "rotation": 180, "texture": "#2"},
				"west": {"uv": [0, 0, 2, 1], "rotation": 180, "texture": "#2"},
				"up": {"uv": [0, 0, 2, 1], "rotation": 180, "texture": "#2"},
				"down": {"uv": [0, 0, 2, 1], "rotation": 180, "texture": "#2"}
			}
		},
		{
			"from": [9, 7, 0.55],
			"to": [11, 8, 0.95],
			"rotation": {"angle": 45, "axis": "z", "origin": [10, 7, 0.5]},
			"faces": {
				"north": {"uv": [0, 0, 2, 1], "texture": "#2"},
				"east": {"uv": [0, 0, 2, 1], "texture": "#2"},
				"south": {"uv": [0, 0, 2, 1], "texture": "#2"},
				"west": {"uv": [0, 0, 2, 1], "texture": "#2"},
				"up": {"uv": [0, 0, 2, 1], "texture": "#2"},
				"down": {"uv": [0, 0, 2, 1], "texture": "#2"}
			}
		},
		{
			"from": [9, 7, 15.05],
			"to": [11, 8, 15.45],
			"rotation": {"angle": 45, "axis": "z", "origin": [10, 7, 14.5]},
			"faces": {
				"north": {"uv": [0, 0, 2, 1], "texture": "#2"},
				"east": {"uv": [0, 0, 2, 1], "texture": "#2"},
				"south": {"uv": [0, 0, 2, 1], "texture": "#2"},
				"west": {"uv": [0, 0, 2, 1], "texture": "#2"},
				"up": {"uv": [0, 0, 2, 1], "texture": "#2"},
				"down": {"uv": [0, 0, 2, 1], "texture": "#2"}
			}
		},
		{
			"from": [5, 7, 0.55],
			"to": [7, 8, 0.95],
			"rotation": {"angle": -45, "axis": "z", "origin": [6, 7, 0.5]},
			"faces": {
				"north": {"uv": [0, 0, 2, 1], "texture": "#2"},
				"east": {"uv": [0, 0, 2, 1], "texture": "#2"},
				"south": {"uv": [0, 0, 2, 1], "texture": "#2"},
				"west": {"uv": [0, 0, 2, 1], "texture": "#2"},
				"up": {"uv": [0, 0, 2, 1], "texture": "#2"},
				"down": {"uv": [0, 0, 2, 1], "texture": "#2"}
			}
		},
		{
			"from": [5, 7, 15.05],
			"to": [7, 8, 15.45],
			"rotation": {"angle": -45, "axis": "z", "origin": [6, 7, 14.5]},
			"faces": {
				"north": {"uv": [0, 0, 2, 1], "texture": "#2"},
				"east": {"uv": [0, 0, 2, 1], "texture": "#2"},
				"south": {"uv": [0, 0, 2, 1], "texture": "#2"},
				"west": {"uv": [0, 0, 2, 1], "texture": "#2"},
				"up": {"uv": [0, 0, 2, 1], "texture": "#2"},
				"down": {"uv": [0, 0, 2, 1], "texture": "#2"}
			}
		},
		{
			"from": [5, 2, 0.55],
			"to": [7, 3, 0.95],
			"rotation": {"angle": -45, "axis": "z", "origin": [6, 2, 0.5]},
			"faces": {
				"north": {"uv": [0, 0, 2, 1], "texture": "#2"},
				"east": {"uv": [0, 0, 2, 1], "texture": "#2"},
				"south": {"uv": [0, 0, 2, 1], "texture": "#2"},
				"west": {"uv": [0, 0, 2, 1], "texture": "#2"},
				"up": {"uv": [0, 0, 2, 1], "texture": "#2"},
				"down": {"uv": [0, 0, 2, 1], "texture": "#2"}
			}
		},
		{
			"from": [6.71289, 1.29289, 0.5],
			"to": [9.29289, 2.29289, 1],
			"rotation": {"angle": 0, "axis": "y", "origin": [14.71289, 9.29289, 8.15]},
			"faces": {
				"north": {"uv": [0, 0, 2.58, 1], "texture": "#2"},
				"east": {"uv": [0, 0, 2.58, 1], "texture": "#2"},
				"south": {"uv": [0, 0, 2.58, 1], "texture": "#2"},
				"west": {"uv": [0, 0, 2.58, 1], "texture": "#2"},
				"up": {"uv": [0, 0, 2.58, 1], "texture": "#2"},
				"down": {"uv": [0, 0, 2.58, 1], "texture": "#2"}
			}
		},
		{
			"from": [5, 7.6, 13.15],
			"to": [5.25, 8.3, 13.85],
			"rotation": {"angle": 0, "axis": "y", "origin": [13, 15, 20]},
			"faces": {
				"north": {"uv": [1.37143, 8.8, 1.6, 9.48571], "texture": "#6"},
				"east": {"uv": [0, 1.71429, 0.8, 2.51429], "texture": "#6"},
				"south": {"uv": [1.48571, 8.85714, 1.71429, 9.54286], "texture": "#6"},
				"up": {"uv": [1.42857, 8.91429, 1.65714, 9.6], "texture": "#6"},
				"down": {"uv": [1.54286, 8.91429, 1.77143, 9.6], "texture": "#6"}
			}
		},
		{
			"from": [5, 8.22, 4.65],
			"to": [9, 10.52, 4.95],
			"rotation": {"angle": 0, "axis": "y", "origin": [13, 16, 13]},
			"faces": {
				"north": {"uv": [10.51429, 0, 15.08571, 2.62857], "texture": "#6"},
				"east": {"uv": [10.68571, 0, 10.85714, 2.28571], "texture": "#6"},
				"south": {"uv": [10.51429, 0, 15.08571, 2.62857], "texture": "#6"},
				"up": {"uv": [10.57143, 0, 14.57143, 0.17143], "texture": "#6"},
				"down": {"uv": [10.68571, 0, 14.68571, 0.17143], "texture": "#6"}
			}
		},
		{
			"from": [5, 8.22, 2.9],
			"to": [9, 10.52, 3.2],
			"rotation": {"angle": 0, "axis": "y", "origin": [13, 16, 11]},
			"faces": {
				"north": {"uv": [10.51429, 0, 15.08571, 2.62857], "texture": "#6"},
				"east": {"uv": [10.68571, 0, 10.85714, 2.28571], "texture": "#6"},
				"south": {"uv": [10.51429, 0, 15.08571, 2.62857], "texture": "#6"},
				"up": {"uv": [10.57143, 0, 14.57143, 0.17143], "texture": "#6"},
				"down": {"uv": [10.68571, 0, 14.68571, 0.17143], "texture": "#6"}
			}
		},
		{
			"from": [5, 7.25, 8.75],
			"to": [7, 7.45, 11.85],
			"rotation": {"angle": 0, "axis": "y", "origin": [13, 15, 17]},
			"faces": {
				"north": {"uv": [4.57143, 0, 4.8, 2.28571], "rotation": 270, "texture": "#6"},
				"east": {"uv": [4.57143, 0, 4.91429, 2.28571], "rotation": 270, "texture": "#6"},
				"south": {"uv": [4.57143, 0, 4.85714, 2.28571], "rotation": 270, "texture": "#6"},
				"up": {"uv": [4.57143, 0, 8.11429, 2.28571], "rotation": 270, "texture": "#6"},
				"down": {"uv": [4.57143, 0, 8.11429, 2.28571], "rotation": 270, "texture": "#6"}
			}
		},
		{
			"from": [5, 10.24, 6.55],
			"to": [6.2, 12.54, 6.75],
			"rotation": {"angle": 0, "axis": "y", "origin": [13, 8, 14]},
			"faces": {
				"north": {"uv": [8.68571, 0, 10.05714, 2.62857], "rotation": 180, "texture": "#6"},
				"east": {"uv": [9.82857, 0, 10.05714, 2.62857], "texture": "#6"},
				"south": {"uv": [8.68571, 0, 10.05714, 2.62857], "texture": "#6"},
				"up": {"uv": [8.68571, 0, 10.05714, 0.17143], "texture": "#6"},
				"down": {"uv": [8.68571, 2.22857, 10.05714, 2.4], "texture": "#6"}
			}
		},
		{
			"from": [5, 10.24, 7.05],
			"to": [6.2, 12.54, 7.25],
			"rotation": {"angle": 0, "axis": "y", "origin": [13, 18, 15]},
			"faces": {
				"north": {"uv": [8.68571, 0, 10.05714, 2.62857], "rotation": 180, "texture": "#6"},
				"east": {"uv": [9.82857, 0, 10.05714, 2.62857], "texture": "#6"},
				"south": {"uv": [8.68571, 0, 10.05714, 2.62857], "texture": "#6"},
				"up": {"uv": [8.68571, 0, 10.05714, 0.17143], "texture": "#6"},
				"down": {"uv": [8.68571, 2.22857, 10.05714, 2.4], "texture": "#6"}
			}
		},
		{
			"from": [5, 9.95, 11.15],
			"to": [5.3, 11.45, 12.65],
			"rotation": {"angle": 0, "axis": "y", "origin": [13, 18, 19]},
			"faces": {
				"north": {"uv": [2.34286, 0, 2.62857, 1.48571], "texture": "#6"},
				"east": {"uv": [2.28571, 0, 4, 1.71429], "texture": "#6"},
				"south": {"uv": [2.34286, 0, 2.62857, 1.48571], "texture": "#6"},
				"up": {"uv": [2.4, 0, 2.68571, 1.48571], "texture": "#6"},
				"down": {"uv": [2.28571, 0, 2.57143, 1.48571], "texture": "#6"}
			}
		}
	],
	"display": {
		"thirdperson_righthand": {
			"translation": [0, 4, 1.75],
			"scale": [0.5, 0.5, 0.5]
		},
		"thirdperson_lefthand": {
			"translation": [0, 4, 1.75],
			"scale": [0.5, 0.5, 0.5]
		},
		"firstperson_righthand": {
			"rotation": [0, -180, 0],
			"translation": [0, 0, -9.75]
		},
		"firstperson_lefthand": {
			"rotation": [0, -180, 0],
			"translation": [0, 0, -9.75]
		},
		"ground": {
			"translation": [0, 4.75, 0]
		},
		"gui": {
			"rotation": [0, -180, 0],
			"scale": [0.8, 0.8, 0.8]
		},
		"fixed": {
			"rotation": [-90, 0, 0],
			"translation": [0, 0, -11],
			"scale": [1.4, 1.4, 1.4]
		}
	}
}