{
  "parent": "minecraft:item/generated",
  "textures": {
    "layer0": "minecraft:item/gold_ingot"
  },
  "overrides":[
    {"predicate": {"custom_model_data": 1}, "model": "item/monitor_1"},
    {"predicate": {"custom_model_data": 2}, "model": "item/monitor_1_silver"},
    {"predicate": {"custom_model_data": 3}, "model": "item/monitor_2"},
    {"predicate": {"custom_model_data": 4}, "model": "item/monitor_2_silver"},
    {"predicate": {"custom_model_data": 5}, "model": "item/monitor_keyboard_1"},
    {"predicate": {"custom_model_data": 6}, "model": "item/monitor_keyboard_1_silver"},
    {"predicate": {"custom_model_data": 7}, "model": "item/monitor_keyboard_2"},
    {"predicate": {"custom_model_data": 8}, "model": "item/monitor_keyboard_2_silver"}
  ]
}