{
	"credit": "Made with Blockbench",
	"ambientocclusion": false,
	"parent": "minecraft:block/template_orientable_trapdoor_bottom",
	"textures": {
		"0": "block/iron_trapdoor",
		"1": "block/iron_trapdoor_inverted",
		"particle": "block/iron_trapdoor"
	},
	"elements": [
		{
			"from": [0, 0, 0],
			"to": [16, 3, 3],
			"faces": {
				"north": {"uv": [0, 15, 16, 16], "texture": "#0"},
				"east": {"uv": [0, 13, 1, 16], "rotation": 270, "texture": "#0"},
				"south": {"uv": [0, 2, 16, 3], "rotation": 180, "texture": "#0"},
				"west": {"uv": [15, 13, 16, 16], "rotation": 90, "texture": "#0"},
				"up": {"uv": [0, 13, 16, 16], "rotation": 180, "texture": "#0"},
				"down": {"uv": [0, 13, 16, 16], "texture": "#1"}
			}
		},
		{
			"from": [0, 0, 13],
			"to": [16, 3, 16],
			"rotation": {"angle": 0, "axis": "y", "origin": [8, 8, 21]},
			"faces": {
				"north": {"uv": [0, 2, 16, 3], "texture": "#0"},
				"east": {"uv": [0, 0, 1, 3], "rotation": 270, "texture": "#0"},
				"south": {"uv": [0, 0, 16, 1], "texture": "#0"},
				"west": {"uv": [15, 0, 16, 3], "rotation": 90, "texture": "#0"},
				"up": {"uv": [0, 0, 16, 3], "rotation": 180, "texture": "#0"},
				"down": {"uv": [0, 0, 16, 3], "texture": "#1"}
			}
		},
		{
			"from": [0, 0, 3],
			"to": [3, 3, 13],
			"rotation": {"angle": 0, "axis": "y", "origin": [8, 8, 11]},
			"faces": {
				"east": {"uv": [13, 3, 14, 13], "rotation": 270, "texture": "#0"},
				"west": {"uv": [15, 3, 16, 13], "rotation": 90, "texture": "#0"},
				"up": {"uv": [13, 3, 16, 13], "rotation": 180, "texture": "#0"},
				"down": {"uv": [0, 3, 3, 13], "texture": "#1"}
			}
		},
		{
			"from": [13, 0, 3],
			"to": [16, 3, 13],
			"rotation": {"angle": 0, "axis": "y", "origin": [21, 8, 11]},
			"faces": {
				"east": {"uv": [0, 3, 1, 13], "rotation": 270, "texture": "#0"},
				"west": {"uv": [2, 3, 3, 13], "rotation": 90, "texture": "#0"},
				"up": {"uv": [0, 3, 3, 13], "rotation": 180, "texture": "#0"},
				"down": {"uv": [13, 3, 16, 13], "texture": "#1"}
			}
		},
		{
			"from": [6, 0, 3],
			"to": [10, 3, 13],
			"rotation": {"angle": 0, "axis": "y", "origin": [15, 8, 11]},
			"faces": {
				"east": {"uv": [6, 3, 7, 13], "rotation": 270, "texture": "#0"},
				"west": {"uv": [9, 3, 10, 13], "rotation": 90, "texture": "#0"},
				"up": {"uv": [6, 3, 10, 13], "rotation": 180, "texture": "#0"},
				"down": {"uv": [6, 3, 10, 13], "texture": "#1"}
			}
		},
		{
			"from": [3, 0, 6],
			"to": [6, 3, 10],
			"rotation": {"angle": 0, "axis": "y", "origin": [11, 8, 15]},
			"faces": {
				"north": {"uv": [10, 9, 13, 10], "texture": "#0"},
				"south": {"uv": [10, 6, 13, 7], "rotation": 180, "texture": "#0"},
				"up": {"uv": [10, 6, 13, 10], "rotation": 180, "texture": "#0"},
				"down": {"uv": [3, 6, 6, 10], "texture": "#1"}
			}
		},
		{
			"from": [10, 0, 6],
			"to": [13, 3, 10],
			"rotation": {"angle": 0, "axis": "y", "origin": [17, 8, 15]},
			"faces": {
				"north": {"uv": [3, 9, 6, 10], "texture": "#0"},
				"south": {"uv": [3, 6, 6, 7], "rotation": 180, "texture": "#0"},
				"up": {"uv": [3, 6, 6, 10], "rotation": 180, "texture": "#0"},
				"down": {"uv": [10, 6, 13, 10], "texture": "#1"}
			}
		}
	]
}