{
	"credit": "Made with Blockbench",
	"textures": {
		"4": "item/keyboard_1",
		"5": "item/keyboard_1_silver_back"
	},
	"elements": [
		{
			"from": [0.86, 0, 2],
			"to": [15.14, 0.75, 5.9],
			"rotation": {"angle": 0, "axis": "y", "origin": [9, 8, 10]},
			"faces": {
				"north": {"uv": [0, 0, 14, 0.75], "texture": "#5"},
				"east": {"uv": [0, 0, 6, 0.75], "texture": "#5"},
				"south": {"uv": [0, 0, 14, 0.75], "texture": "#5"},
				"west": {"uv": [0, 0, 6, 0.75], "texture": "#5"},
				"up": {"uv": [0, 4.06723, 16, 8.36975], "rotation": 180, "texture": "#4"},
				"down": {"uv": [0, 0, 14, 6], "texture": "#5"}
			}
		}
	],
	"display": {
		"thirdperson_righthand": {
			"translation": [0, 4, 1.75],
			"scale": [0.5, 0.5, 0.5]
		},
		"thirdperson_lefthand": {
			"translation": [0, 4, 1.75],
			"scale": [0.5, 0.5, 0.5]
		},
		"firstperson_righthand": {
			"rotation": [0, -180, 0],
			"translation": [0, 0, -9.75]
		},
		"firstperson_lefthand": {
			"rotation": [0, -180, 0],
			"translation": [0, 0, -9.75]
		},
		"ground": {
			"translation": [0, 4.75, 0]
		},
		"gui": {
			"rotation": [0, -180, 0],
			"scale": [0.8, 0.8, 0.8]
		},
		"fixed": {
			"rotation": [-90, 0, 0],
			"translation": [0, 0, -11],
			"scale": [1.4, 1.4, 1.4]
		}
	}
}