{
	"credit": "Made with Blockbench",
	"textures": {
		"2": "item/screen_laptop_2",
		"3": "item/touchpad_laptop_2",
		"4": "item/keyboard_2",
		"5": "item/keyboard_2_back",
		"6": "item/monitor_2_back"
	},
	"elements": [
		{
			"from": [0.86, 0.5, 5],
			"to": [15.14, 1.25, 8.9],
			"rotation": {"angle": 0, "axis": "y", "origin": [9, 9, 13]},
			"faces": {
				"up": {"uv": [0, 4.06723, 16, 8.36975], "rotation": 180, "texture": "#4"},
				"down": {"uv": [0, 0, 14, 6], "texture": "#5"}
			}
		},
		{
			"from": [0, 0.5, 2],
			"to": [16, 1.25, 5],
			"rotation": {"angle": 0, "axis": "y", "origin": [8, 8, 12]},
			"faces": {
				"north": {"uv": [0, 0, 16, 0.75], "texture": "#5"},
				"east": {"uv": [0, 0, 3, 0.75], "texture": "#5"},
				"west": {"uv": [0, 0, 3, 0.75], "texture": "#5"},
				"up": {"uv": [0, 13.1, 16, 16], "rotation": 180, "texture": "#3"},
				"down": {"uv": [0, 0, 16, 3], "texture": "#5"}
			}
		},
		{
			"from": [0, 0.5, 8.9],
			"to": [16, 1.25, 10.5],
			"rotation": {"angle": 0, "axis": "y", "origin": [8, 8, 19]},
			"faces": {
				"east": {"uv": [0, 0, 1.6, 0.75], "texture": "#5"},
				"south": {"uv": [0, 0, 16, 0.75], "texture": "#5"},
				"west": {"uv": [0, 0, 1.6, 0.75], "texture": "#5"},
				"up": {"uv": [0, 0, 16, 1.6], "rotation": 180, "texture": "#3"},
				"down": {"uv": [0, 0, 16, 1.6], "texture": "#5"}
			}
		},
		{
			"from": [0, 0.5, 5],
			"to": [0.86, 1.25, 8.9],
			"rotation": {"angle": 0, "axis": "y", "origin": [8, 8, 13]},
			"faces": {
				"west": {"uv": [0, 0, 3.9, 0.75], "texture": "#5"},
				"up": {"uv": [0, 0, 0.86, 3.9], "texture": "#5"},
				"down": {"uv": [0, 0, 0.86, 3.9], "texture": "#5"}
			}
		},
		{
			"from": [15.14, 0.5, 5],
			"to": [16, 1.25, 8.9],
			"rotation": {"angle": 0, "axis": "y", "origin": [23, 8, 13]},
			"faces": {
				"east": {"uv": [0, 3.2, 4.2, 4.2], "texture": "#3"},
				"up": {"uv": [0, 0, 0.86, 3.9], "texture": "#5"},
				"down": {"uv": [0, 0, 0.86, 3.9], "texture": "#5"}
			}
		},
		{
			"from": [0, 1.25, 10.2],
			"to": [16, 10.25, 10.7],
			"rotation": {"angle": 0, "axis": "x", "origin": [8, 1, 10]},
			"faces": {
				"north": {"uv": [0, 3.5, 16, 12.5], "texture": "#2"},
				"east": {"uv": [0, 0, 0.5, 9], "texture": "#5"},
				"south": {"uv": [0, 2.66667, 16, 11.55556], "texture": "#6"},
				"west": {"uv": [0, 0, 0.5, 9], "texture": "#5"},
				"up": {"uv": [0, 0, 16, 0.5], "texture": "#5"},
				"down": {"uv": [0, 0, 16, 0.5], "texture": "#5"}
			}
		},
		{
			"from": [1.5, 0, 3],
			"to": [2, 0.5, 4],
			"rotation": {"angle": 0, "axis": "y", "origin": [10, 8, 11]},
			"faces": {
				"north": {"uv": [0, 0, 0.5, 0.5], "texture": "#5"},
				"east": {"uv": [0, 0, 1, 0.5], "texture": "#5"},
				"south": {"uv": [0, 0, 0.5, 0.5], "texture": "#5"},
				"west": {"uv": [0, 0, 1, 0.5], "texture": "#5"},
				"down": {"uv": [0, 0, 0.5, 1], "texture": "#5"}
			}
		},
		{
			"from": [1.5, 0, 9],
			"to": [2, 0.5, 10],
			"rotation": {"angle": 0, "axis": "y", "origin": [10, 8, 17]},
			"faces": {
				"north": {"uv": [0, 0, 0.5, 0.5], "texture": "#5"},
				"east": {"uv": [0, 0, 1, 0.5], "texture": "#5"},
				"south": {"uv": [0, 0, 0.5, 0.5], "texture": "#5"},
				"west": {"uv": [0, 0, 1, 0.5], "texture": "#5"},
				"down": {"uv": [0, 0, 0.5, 1], "texture": "#5"}
			}
		},
		{
			"from": [14, 0, 9],
			"to": [14.5, 0.5, 10],
			"rotation": {"angle": 0, "axis": "y", "origin": [22, 8, 17]},
			"faces": {
				"north": {"uv": [0, 0, 0.5, 0.5], "texture": "#5"},
				"east": {"uv": [0, 0, 1, 0.5], "texture": "#5"},
				"south": {"uv": [0, 0, 0.5, 0.5], "texture": "#5"},
				"west": {"uv": [0, 0, 1, 0.5], "texture": "#5"},
				"down": {"uv": [0, 0, 0.5, 1], "texture": "#5"}
			}
		},
		{
			"from": [14, 0, 3],
			"to": [14.5, 0.5, 4],
			"rotation": {"angle": 0, "axis": "y", "origin": [22, 8, 11]},
			"faces": {
				"north": {"uv": [0, 0, 0.5, 0.5], "texture": "#5"},
				"east": {"uv": [0, 0, 1, 0.5], "texture": "#5"},
				"south": {"uv": [0, 0, 0.5, 0.5], "texture": "#5"},
				"west": {"uv": [0, 0, 1, 0.5], "texture": "#5"},
				"down": {"uv": [0, 0, 0.5, 1], "texture": "#5"}
			}
		}
	],
	"display": {
		"thirdperson_righthand": {
			"translation": [0, 4, 1.75],
			"scale": [0.5, 0.5, 0.5]
		},
		"thirdperson_lefthand": {
			"translation": [0, 4, 1.75],
			"scale": [0.5, 0.5, 0.5]
		},
		"firstperson_righthand": {
			"rotation": [0, -180, 0],
			"translation": [0, 0, -9.75]
		},
		"firstperson_lefthand": {
			"rotation": [0, -180, 0],
			"translation": [0, 0, -9.75]
		},
		"ground": {
			"translation": [0, 4.75, 0]
		},
		"gui": {
			"rotation": [0, -180, 0],
			"scale": [0.8, 0.8, 0.8]
		},
		"fixed": {
			"rotation": [-90, 0, 0],
			"translation": [0, 0, -11],
			"scale": [1.4, 1.4, 1.4]
		}
	}
}