{
	"credit": "Made with Blockbench",
	"textures": {
		"0": "item/rifle",
		"particle": "item/rifle"
	},
	"elements": [
		{
			"from": [6.5, 8, -12],
			"to": [7.5, 9, -7],
			"rotation": {"angle": 0, "axis": "y", "origin": [15, 16, -1]},
			"faces": {
				"north": {"uv": [0, 0, 1, 1], "texture": "#0"},
				"east": {"uv": [0, 0, 5, 1], "texture": "#0"},
				"south": {"uv": [0, 0, 1, 1], "texture": "#0"},
				"west": {"uv": [0, 0, 5, 1], "texture": "#0"},
				"up": {"uv": [0, 0, 1, 5], "texture": "#0"},
				"down": {"uv": [0, 0, 1, 5], "texture": "#0"}
			}
		},
		{
			"from": [6.25, 7.75, -15],
			"to": [7.75, 9.25, -12],
			"rotation": {"angle": 0, "axis": "y", "origin": [15, 16, -5]},
			"faces": {
				"north": {"uv": [9, 6, 11, 8], "texture": "#0"},
				"east": {"uv": [8, 6, 11, 8], "texture": "#0"},
				"south": {"uv": [9, 7, 11, 9], "texture": "#0"},
				"west": {"uv": [6, 4, 9, 6], "texture": "#0"},
				"up": {"uv": [8, 5, 10, 8], "texture": "#0"},
				"down": {"uv": [7, 6, 9, 9], "texture": "#0"}
			}
		},
		{
			"from": [6.25, 7.75, -7],
			"to": [7.75, 9.25, -4],
			"rotation": {"angle": 0, "axis": "y", "origin": [15, 16, 3]},
			"faces": {
				"north": {"uv": [0, 0, 1.5, 1.5], "texture": "#0"},
				"east": {"uv": [0, 0, 3, 1.5], "texture": "#0"},
				"south": {"uv": [0, 0, 1.5, 1.5], "texture": "#0"},
				"west": {"uv": [0, 0, 3, 1.5], "texture": "#0"},
				"up": {"uv": [0, 0, 1.5, 3], "texture": "#0"},
				"down": {"uv": [0, 0, 1.5, 3], "texture": "#0"}
			}
		},
		{
			"from": [6.25, 7.75, 15],
			"to": [7.75, 9.25, 18],
			"rotation": {"angle": 0, "axis": "y", "origin": [15, 16, 25]},
			"faces": {
				"north": {"uv": [0, 0, 1.5, 1.5], "texture": "#0"},
				"east": {"uv": [0, 0, 3, 1.5], "texture": "#0"},
				"south": {"uv": [0, 0, 1.5, 1.5], "texture": "#0"},
				"west": {"uv": [0, 0, 3, 1.5], "texture": "#0"},
				"up": {"uv": [0, 0, 1.5, 3], "texture": "#0"},
				"down": {"uv": [0, 0, 1.5, 3], "texture": "#0"}
			}
		},
		{
			"from": [6.25, 7.25, 18],
			"to": [7.75, 9.25, 26],
			"rotation": {"angle": 0, "axis": "y", "origin": [15, 16, 28]},
			"faces": {
				"north": {"uv": [0, 0, 1.5, 2], "texture": "#0"},
				"east": {"uv": [0, 0, 8, 2], "texture": "#0"},
				"south": {"uv": [0, 0, 1.5, 2], "texture": "#0"},
				"west": {"uv": [0, 0, 8, 2], "texture": "#0"},
				"up": {"uv": [0, 0, 1.5, 8], "texture": "#0"},
				"down": {"uv": [0, 0, 1.5, 8], "texture": "#0"}
			}
		},
		{
			"from": [6.25, 9.25, 23],
			"to": [7.75, 10.25, 26],
			"rotation": {"angle": 0, "axis": "y", "origin": [15, 18, 28]},
			"faces": {
				"north": {"uv": [0, 0, 1.5, 1], "texture": "#0"},
				"east": {"uv": [0, 0, 3, 1], "texture": "#0"},
				"south": {"uv": [0, 0, 1.5, 1], "texture": "#0"},
				"west": {"uv": [0, 0, 3, 1], "texture": "#0"},
				"up": {"uv": [0, 0, 1.5, 3], "texture": "#0"},
				"down": {"uv": [0, 0, 1.5, 3], "texture": "#0"}
			}
		},
		{
			"from": [6.25, 5.25, 20],
			"to": [7.75, 7.25, 26],
			"rotation": {"angle": 0, "axis": "y", "origin": [15, 14, 28]},
			"faces": {
				"north": {"uv": [0, 0, 1.5, 2], "texture": "#0"},
				"east": {"uv": [0, 0, 6, 2], "texture": "#0"},
				"south": {"uv": [0, 0, 1.5, 2], "texture": "#0"},
				"west": {"uv": [0, 0, 6, 2], "texture": "#0"},
				"up": {"uv": [0, 0, 1.5, 6], "texture": "#0"},
				"down": {"uv": [0, 0, 1.5, 6], "texture": "#0"}
			}
		},
		{
			"from": [6.25, 3.55708, 20.70619],
			"to": [7.75, 5.55708, 25.95619],
			"rotation": {"angle": 22.5, "axis": "x", "origin": [6, 5.80708, 24.70619]},
			"faces": {
				"north": {"uv": [0, 0, 1.5, 2], "texture": "#0"},
				"east": {"uv": [0, 0, 5.25, 2], "texture": "#0"},
				"south": {"uv": [0, 0, 1.5, 2], "texture": "#0"},
				"west": {"uv": [0, 0, 5.25, 2], "texture": "#0"},
				"up": {"uv": [0, 0, 1.5, 5.25], "texture": "#0"},
				"down": {"uv": [0, 0, 1.5, 5.25], "texture": "#0"}
			}
		},
		{
			"from": [6.25, 3.25, 25],
			"to": [7.75, 5.25, 26],
			"rotation": {"angle": 0, "axis": "y", "origin": [15, 12, 28]},
			"faces": {
				"north": {"uv": [0, 0, 1.5, 2], "texture": "#0"},
				"east": {"uv": [0, 0, 1, 2], "texture": "#0"},
				"south": {"uv": [0, 0, 1.5, 2], "texture": "#0"},
				"west": {"uv": [0, 0, 1, 2], "texture": "#0"},
				"up": {"uv": [0, 0, 1.5, 1], "texture": "#0"},
				"down": {"uv": [0, 0, 1.5, 1], "texture": "#0"}
			}
		},
		{
			"from": [6.25, 6.5, 5],
			"to": [7.75, 9.5, 15],
			"rotation": {"angle": 0, "axis": "y", "origin": [15, 16, 16]},
			"faces": {
				"north": {"uv": [0, 13, 2, 16], "texture": "#0"},
				"east": {"uv": [0, 11, 10, 14], "texture": "#0"},
				"south": {"uv": [0, 13, 2, 16], "texture": "#0"},
				"west": {"uv": [0, 11, 10, 14], "texture": "#0"},
				"up": {"uv": [4, 6, 6, 16], "texture": "#0"},
				"down": {"uv": [3, 6, 5, 16], "texture": "#0"}
			}
		},
		{
			"from": [6.25, 2.5, 5],
			"to": [7.75, 6.5, 9],
			"rotation": {"angle": 0, "axis": "y", "origin": [15, 13, 16]},
			"faces": {
				"north": {"uv": [0, 0, 1.5, 4], "texture": "#0"},
				"east": {"uv": [0, 0, 4, 4], "texture": "#0"},
				"south": {"uv": [0, 0, 1.5, 4], "texture": "#0"},
				"west": {"uv": [0, 0, 4, 4], "texture": "#0"},
				"up": {"uv": [0, 0, 1.5, 4], "texture": "#0"},
				"down": {"uv": [0, 0, 1.5, 4], "texture": "#0"}
			}
		},
		{
			"from": [6.25, 0.34672, 12.7294],
			"to": [7.75, 7.34672, 15.2294],
			"rotation": {"angle": -22.5, "axis": "x", "origin": [7, 6.84672, 14.7294]},
			"faces": {
				"north": {"uv": [2, 9, 4, 16], "texture": "#0"},
				"east": {"uv": [2, 9, 5, 16], "texture": "#0"},
				"south": {"uv": [2, 9, 4, 16], "texture": "#0"},
				"west": {"uv": [2, 9, 5, 16], "texture": "#0"},
				"up": {"uv": [0, 0, 1.5, 2.5], "texture": "#0"},
				"down": {"uv": [0, 13, 2, 15], "texture": "#0"}
			}
		},
		{
			"from": [6, 7.5, -4],
			"to": [8, 9.5, 5],
			"rotation": {"angle": 0, "axis": "y", "origin": [15, 16, 6]},
			"faces": {
				"north": {"uv": [14, 14, 16, 16], "texture": "#0"},
				"east": {"uv": [7, 14, 16, 16], "texture": "#0"},
				"south": {"uv": [14, 14, 16, 16], "texture": "#0"},
				"west": {"uv": [7, 14, 16, 16], "texture": "#0"},
				"up": {"uv": [14, 7, 16, 16], "texture": "#0"},
				"down": {"uv": [14, 7, 16, 16], "texture": "#0"}
			}
		},
		{
			"from": [6.5, 9.25, -7],
			"to": [7.5, 11.75, -6],
			"rotation": {"angle": 0, "axis": "y", "origin": [14, 17, 1]},
			"faces": {
				"north": {"uv": [0, 0, 1, 2.5], "texture": "#0"},
				"east": {"uv": [0, 0, 1, 2.5], "texture": "#0"},
				"south": {"uv": [0, 0, 1, 2.5], "texture": "#0"},
				"west": {"uv": [0, 0, 1, 2.5], "texture": "#0"},
				"up": {"uv": [0, 0, 1, 1], "texture": "#0"},
				"down": {"uv": [0, 0, 1, 1], "texture": "#0"}
			}
		},
		{
			"from": [6.5, 7.76256, -6.17678],
			"to": [7.5, 11.26256, -5.17678],
			"rotation": {"angle": -45, "axis": "x", "origin": [7, 10.51256, -6.17678]},
			"faces": {
				"north": {"uv": [0, 0, 1, 3.5], "texture": "#0"},
				"east": {"uv": [0, 0, 1, 3.5], "texture": "#0"},
				"south": {"uv": [0, 0, 1, 3.5], "texture": "#0"},
				"west": {"uv": [0, 0, 1, 3.5], "texture": "#0"},
				"up": {"uv": [0, 0, 1, 1], "texture": "#0"},
				"down": {"uv": [0, 0, 1, 1], "texture": "#0"}
			}
		},
		{
			"from": [6.5, 3.5, 9],
			"to": [7.5, 4.5, 14],
			"rotation": {"angle": 0, "axis": "y", "origin": [14, 11, 17]},
			"faces": {
				"north": {"uv": [0, 0, 1, 1], "texture": "#0"},
				"east": {"uv": [0, 0, 5, 1], "texture": "#0"},
				"south": {"uv": [0, 0, 1, 1], "texture": "#0"},
				"west": {"uv": [0, 0, 5, 1], "texture": "#0"},
				"up": {"uv": [0, 0, 1, 5], "texture": "#0"},
				"down": {"uv": [0, 0, 1, 5], "texture": "#0"}
			}
		},
		{
			"from": [6.5, 4.5, 11.5],
			"to": [7.5, 6.5, 12.5],
			"rotation": {"angle": 0, "axis": "x", "origin": [7, 5, 12]},
			"faces": {
				"north": {"uv": [0, 0, 1, 2], "rotation": 180, "texture": "#0"},
				"east": {"uv": [0, 0, 2, 1], "rotation": 270, "texture": "#0"},
				"south": {"uv": [0, 0, 1, 2], "texture": "#0"},
				"west": {"uv": [0, 0, 2, 1], "rotation": 90, "texture": "#0"},
				"up": {"uv": [0, 0, 1, 1], "rotation": 180, "texture": "#0"},
				"down": {"uv": [0, 0, 1, 1], "texture": "#0"}
			}
		},
		{
			"from": [5.75, 8, 5],
			"to": [6.25, 9, 15],
			"rotation": {"angle": 0, "axis": "y", "origin": [13, 16, 13]},
			"faces": {
				"north": {"uv": [0, 0, 0.5, 1], "texture": "#0"},
				"east": {"uv": [0, 0, 10, 1], "texture": "#0"},
				"south": {"uv": [0, 0, 0.5, 1], "texture": "#0"},
				"west": {"uv": [0, 0, 10, 1], "texture": "#0"},
				"up": {"uv": [0, 0, 0.5, 10], "texture": "#0"},
				"down": {"uv": [0, 0, 0.5, 10], "texture": "#0"}
			}
		},
		{
			"from": [7.75, 8, 5],
			"to": [8.25, 9, 15],
			"rotation": {"angle": 0, "axis": "y", "origin": [15, 16, 13]},
			"faces": {
				"north": {"uv": [0, 0, 0.5, 1], "texture": "#0"},
				"east": {"uv": [0, 0, 10, 1], "texture": "#0"},
				"south": {"uv": [0, 0, 0.5, 1], "texture": "#0"},
				"west": {"uv": [0, 0, 10, 1], "texture": "#0"},
				"up": {"uv": [0, 0, 0.5, 10], "texture": "#0"},
				"down": {"uv": [0, 0, 0.5, 10], "texture": "#0"}
			}
		},
		{
			"from": [6.5, 9.5, 5],
			"to": [7.5, 11, 5.5],
			"rotation": {"angle": 0, "axis": "x", "origin": [7, 11, 11]},
			"faces": {
				"north": {"uv": [0, 0, 1, 1.5], "texture": "#0"},
				"east": {"uv": [0, 0, 0.5, 1.5], "texture": "#0"},
				"south": {"uv": [0, 0, 1, 1.5], "texture": "#0"},
				"west": {"uv": [0, 0, 0.5, 1.5], "texture": "#0"},
				"up": {"uv": [0, 0, 1, 0.5], "texture": "#0"},
				"down": {"uv": [0, 0, 1, 0.5], "texture": "#0"}
			}
		},
		{
			"from": [6.5, 9.5, 13],
			"to": [7.5, 11.5, 15],
			"rotation": {"angle": 0, "axis": "y", "origin": [15, 17, 21]},
			"faces": {
				"north": {"uv": [0, 0, 1, 2], "texture": "#0"},
				"east": {"uv": [0, 0, 2, 2], "texture": "#0"},
				"south": {"uv": [0, 0, 1, 2], "texture": "#0"},
				"west": {"uv": [0, 0, 2, 2], "texture": "#0"},
				"up": {"uv": [0, 0, 1, 2], "texture": "#0"},
				"down": {"uv": [0, 0, 1, 2], "texture": "#0"}
			}
		},
		{
			"from": [6.5, 11, 5],
			"to": [7.5, 11.5, 13],
			"rotation": {"angle": 0, "axis": "x", "origin": [7, 11.5, 11]},
			"faces": {
				"north": {"uv": [0, 0, 1, 0.5], "texture": "#0"},
				"east": {"uv": [0, 0, 8, 0.5], "texture": "#0"},
				"south": {"uv": [0, 0, 1, 0.5], "texture": "#0"},
				"west": {"uv": [0, 0, 8, 0.5], "texture": "#0"},
				"up": {"uv": [0, 0, 1, 8], "texture": "#0"},
				"down": {"uv": [0, 0, 1, 8], "texture": "#0"}
			}
		}
	],
	"gui_light": "front",
	"display": {
		"thirdperson_righthand": {
			"rotation": [0, -15, 0],
			"translation": [1.5, 1.25, -2.75],
			"scale": [0.9, 0.9, 0.9]
		},
		"thirdperson_lefthand": {
			"rotation": [0, -15, 0],
			"translation": [-0.5, 1.25, -2.75],
			"scale": [0.9, 0.9, 0.9]
		},
		"firstperson_righthand": {
			"rotation": [9, -10, 2],
			"translation": [2.5, 3.75, -1.25]
		},
		"firstperson_lefthand": {
			"rotation": [9, -10.5, 1.5],
			"translation": [0.5, 3.75, -1.25]
		},
		"ground": {
			"translation": [0, 3.75, 0],
			"scale": [0.9, 0.9, 0.9]
		},
		"gui": {
			"rotation": [0, -90, 0],
			"translation": [-1, 0.5, 0],
			"scale": [0.38, 0.38, 0.38]
		},
		"fixed": {
			"rotation": [0, 90, 0],
			"translation": [1, 0, -0.5],
			"scale": [-0.48, 0.48, 0.48]
		}
	}
}