{
	"credit": "Made with Blockbench",
	"parent": "ladder",
	"textures": {
		"0": "block/powered_rail_on",
		"particle": "block/powered_rail_on"
	},
	"elements": [
		{
			"from": [2, 0, 0],
			"to": [5, 1, 16],
			"rotation": {"angle": 0, "axis": "y", "origin": [10, 8, 8]},
			"faces": {
				"north": {"uv": [11, 5, 14, 6], "texture": "#0"},
				"east": {"uv": [4, 0, 5, 16], "rotation": 90, "texture": "#0"},
				"south": {"uv": [2, 12, 5, 13], "texture": "#0"},
				"west": {"uv": [2, 0, 3, 16], "rotation": 270, "texture": "#0"},
				"up": {"uv": [2, 0, 5, 16], "texture": "#0"},
				"down": {"uv": [2, 0, 5, 16], "texture": "#0"}
			}
		},
		{
			"from": [11, 0, 0],
			"to": [14, 1, 16],
			"rotation": {"angle": 0, "axis": "y", "origin": [20, 8, 8]},
			"faces": {
				"north": {"uv": [11, 10, 14, 11], "rotation": 180, "texture": "#0"},
				"east": {"uv": [13, 0, 14, 16], "rotation": 90, "texture": "#0"},
				"south": {"uv": [2, 13, 5, 14], "rotation": 180, "texture": "#0"},
				"west": {"uv": [11, 0, 12, 16], "rotation": 270, "texture": "#0"},
				"up": {"uv": [11, 0, 14, 16], "texture": "#0"},
				"down": {"uv": [11, 0, 14, 16], "texture": "#0"}
			}
		},
		{
			"from": [5, 0, 1],
			"to": [11, 1, 3],
			"rotation": {"angle": 0, "axis": "y", "origin": [8, 8, 9]},
			"faces": {
				"north": {"uv": [5, 2, 11, 3], "texture": "#0"},
				"east": {"uv": [7, 9, 9, 10], "texture": "#0"},
				"south": {"uv": [5, 1, 11, 2], "texture": "#0"},
				"west": {"uv": [6, 1, 8, 2], "texture": "#0"},
				"up": {"uv": [5, 1, 11, 3], "texture": "#0"},
				"down": {"uv": [5, 13, 11, 15], "texture": "#0"}
			}
		},
		{
			"from": [5, 0, 5],
			"to": [11, 1, 7],
			"rotation": {"angle": 0, "axis": "y", "origin": [8, 8, 13]},
			"faces": {
				"north": {"uv": [5, 5, 11, 6], "texture": "#0"},
				"east": {"uv": [7, 13, 9, 14], "texture": "#0"},
				"south": {"uv": [5, 13, 11, 14], "texture": "#0"},
				"west": {"uv": [7, 5, 9, 6], "texture": "#0"},
				"up": {"uv": [5, 5, 11, 7], "texture": "#0"},
				"down": {"uv": [5, 9, 11, 11], "texture": "#0"}
			}
		},
		{
			"from": [5, 0, 9],
			"to": [11, 1, 11],
			"rotation": {"angle": 0, "axis": "y", "origin": [8, 8, 17]},
			"faces": {
				"north": {"uv": [5, 5, 11, 6], "texture": "#0"},
				"east": {"uv": [6, 14, 8, 15], "texture": "#0"},
				"south": {"uv": [5, 14, 11, 15], "texture": "#0"},
				"west": {"uv": [7, 13, 9, 14], "texture": "#0"},
				"up": {"uv": [5, 9, 11, 11], "texture": "#0"},
				"down": {"uv": [5, 5, 11, 7], "texture": "#0"}
			}
		},
		{
			"from": [5, 0, 13],
			"to": [11, 1, 15],
			"rotation": {"angle": 0, "axis": "y", "origin": [8, 8, 21]},
			"faces": {
				"north": {"uv": [5, 1, 11, 2], "texture": "#0"},
				"east": {"uv": [6, 9, 8, 10], "texture": "#0"},
				"south": {"uv": [5, 13, 11, 14], "texture": "#0"},
				"west": {"uv": [7, 1, 9, 2], "texture": "#0"},
				"up": {"uv": [5, 13, 11, 15], "texture": "#0"},
				"down": {"uv": [5, 1, 11, 3], "texture": "#0"}
			}
		},
		{
			"from": [7, 0, 7],
			"to": [9, 1, 9],
			"rotation": {"angle": 0, "axis": "y", "origin": [15, 8, 11]},
			"faces": {
				"north": {"uv": [0, 0, 2, 1], "texture": "#missing"},
				"east": {"uv": [8, 7, 9, 9], "rotation": 90, "texture": "#0"},
				"south": {"uv": [0, 0, 2, 1], "texture": "#missing"},
				"west": {"uv": [7, 7, 8, 9], "rotation": 270, "texture": "#0"},
				"up": {"uv": [7, 7, 9, 9], "texture": "#0"},
				"down": {"uv": [7, 7, 9, 9], "texture": "#0"}
			}
		},
		{
			"from": [1, 0, 13],
			"to": [2, 1, 15],
			"rotation": {"angle": 0, "axis": "y", "origin": [9, 8, 21]},
			"faces": {
				"north": {"uv": [1, 13, 2, 14], "texture": "#0"},
				"east": {"uv": [0, 0, 2, 1], "texture": "#missing"},
				"south": {"uv": [1, 14, 2, 15], "texture": "#0"},
				"west": {"uv": [1, 13, 2, 15], "rotation": 270, "texture": "#0"},
				"up": {"uv": [1, 13, 2, 15], "texture": "#0"},
				"down": {"uv": [1, 13, 2, 15], "texture": "#0"}
			}
		},
		{
			"from": [1, 0, 9],
			"to": [2, 1, 11],
			"rotation": {"angle": 0, "axis": "y", "origin": [9, 8, 17]},
			"faces": {
				"north": {"uv": [1, 13, 2, 14], "texture": "#0"},
				"east": {"uv": [0, 0, 2, 1], "texture": "#missing"},
				"south": {"uv": [1, 14, 2, 15], "texture": "#0"},
				"west": {"uv": [1, 13, 2, 15], "rotation": 270, "texture": "#0"},
				"up": {"uv": [1, 13, 2, 15], "texture": "#0"},
				"down": {"uv": [1, 13, 2, 15], "texture": "#0"}
			}
		},
		{
			"from": [1, 0, 5],
			"to": [2, 1, 7],
			"rotation": {"angle": 0, "axis": "y", "origin": [9, 8, 13]},
			"faces": {
				"north": {"uv": [1, 13, 2, 14], "texture": "#0"},
				"east": {"uv": [0, 0, 2, 1], "texture": "#missing"},
				"south": {"uv": [1, 14, 2, 15], "texture": "#0"},
				"west": {"uv": [1, 13, 2, 15], "rotation": 270, "texture": "#0"},
				"up": {"uv": [1, 13, 2, 15], "texture": "#0"},
				"down": {"uv": [1, 13, 2, 15], "texture": "#0"}
			}
		},
		{
			"from": [1, 0, 1],
			"to": [2, 1, 3],
			"rotation": {"angle": 0, "axis": "y", "origin": [9, 8, 9]},
			"faces": {
				"north": {"uv": [1, 13, 2, 14], "texture": "#0"},
				"east": {"uv": [0, 0, 2, 1], "texture": "#missing"},
				"south": {"uv": [1, 14, 2, 15], "texture": "#0"},
				"west": {"uv": [1, 13, 2, 15], "rotation": 270, "texture": "#0"},
				"up": {"uv": [1, 13, 2, 15], "texture": "#0"},
				"down": {"uv": [1, 13, 2, 15], "texture": "#0"}
			}
		},
		{
			"from": [14, 0, 13],
			"to": [15, 1, 15],
			"rotation": {"angle": 0, "axis": "y", "origin": [22, 8, 21]},
			"faces": {
				"north": {"uv": [14, 13, 15, 14], "texture": "#0"},
				"east": {"uv": [14, 13, 15, 15], "rotation": 90, "texture": "#0"},
				"south": {"uv": [14, 14, 15, 15], "texture": "#0"},
				"west": {"uv": [0, 0, 2, 1], "texture": "#missing"},
				"up": {"uv": [14, 13, 15, 15], "texture": "#0"},
				"down": {"uv": [14, 13, 15, 15], "texture": "#0"}
			}
		},
		{
			"from": [14, 0, 9],
			"to": [15, 1, 11],
			"rotation": {"angle": 0, "axis": "y", "origin": [22, 8, 17]},
			"faces": {
				"north": {"uv": [14, 13, 15, 14], "texture": "#0"},
				"east": {"uv": [14, 13, 15, 15], "rotation": 90, "texture": "#0"},
				"south": {"uv": [14, 14, 15, 15], "texture": "#0"},
				"west": {"uv": [0, 0, 2, 1], "texture": "#missing"},
				"up": {"uv": [14, 13, 15, 15], "texture": "#0"},
				"down": {"uv": [14, 13, 15, 15], "texture": "#0"}
			}
		},
		{
			"from": [14, 0, 5],
			"to": [15, 1, 7],
			"rotation": {"angle": 0, "axis": "y", "origin": [22, 8, 13]},
			"faces": {
				"north": {"uv": [14, 13, 15, 14], "texture": "#0"},
				"east": {"uv": [14, 13, 15, 15], "rotation": 90, "texture": "#0"},
				"south": {"uv": [14, 14, 15, 15], "texture": "#0"},
				"west": {"uv": [0, 0, 2, 1], "texture": "#missing"},
				"up": {"uv": [14, 13, 15, 15], "texture": "#0"},
				"down": {"uv": [14, 13, 15, 15], "texture": "#0"}
			}
		},
		{
			"from": [14, 0, 1],
			"to": [15, 1, 3],
			"rotation": {"angle": 0, "axis": "y", "origin": [22, 8, 9]},
			"faces": {
				"north": {"uv": [14, 13, 15, 14], "texture": "#0"},
				"east": {"uv": [14, 13, 15, 15], "rotation": 90, "texture": "#0"},
				"south": {"uv": [14, 14, 15, 15], "texture": "#0"},
				"west": {"uv": [0, 0, 2, 1], "texture": "#missing"},
				"up": {"uv": [14, 13, 15, 15], "texture": "#0"},
				"down": {"uv": [14, 13, 15, 15], "texture": "#0"}
			}
		},
		{
			"from": [7, 0, 3],
			"to": [9, 1, 5],
			"rotation": {"angle": 0, "axis": "y", "origin": [15, 8, 12]},
			"faces": {
				"north": {"uv": [0, 0, 2, 1], "texture": "#missing"},
				"east": {"uv": [8, 3, 9, 5], "rotation": 90, "texture": "#0"},
				"south": {"uv": [0, 0, 2, 1], "texture": "#missing"},
				"west": {"uv": [7, 3, 8, 5], "rotation": 270, "texture": "#0"},
				"up": {"uv": [7, 3, 9, 5], "texture": "#0"},
				"down": {"uv": [7, 3, 9, 5], "texture": "#0"}
			}
		},
		{
			"from": [7, 0, 11],
			"to": [9, 1, 13],
			"rotation": {"angle": 0, "axis": "y", "origin": [15, 8, 20]},
			"faces": {
				"north": {"uv": [0, 0, 2, 1], "texture": "#missing"},
				"east": {"uv": [8, 3, 9, 5], "rotation": 90, "texture": "#0"},
				"south": {"uv": [0, 0, 2, 1], "texture": "#missing"},
				"west": {"uv": [7, 11, 8, 13], "rotation": 270, "texture": "#0"},
				"up": {"uv": [7, 11, 9, 13], "texture": "#0"},
				"down": {"uv": [7, 11, 9, 13], "texture": "#0"}
			}
		}
	],
	"groups": [
		{
			"name": "group",
			"origin": [8, 8, 8],
			"children": [0, 1, 2, 3, 4, 5, 6, 7, 8, 9, 10, 11, 12, 13, 14, 15, 16]
		}
	]
}