{
	"credit": "Made with Blockbench",
	"textures": {
		"0": "StarWars:items/blaster_dc_15s",
		"particle": "StarWars:items/blaster_dc_15s"
	},
	"elements": [
		{
			"from": [0, 0, -6],
			"to": [2, 2, 17],
			"faces": {
				"north": {"uv": [0, 0, 2, 2], "texture": "#0"},
				"east": {"uv": [0, 0, 16, 2], "texture": "#0"},
				"south": {"uv": [0, 0, 2, 2], "texture": "#0"},
				"west": {"uv": [0, 0, 16, 2], "texture": "#0"},
				"up": {"uv": [0, 0, 2, 16], "texture": "#0"},
				"down": {"uv": [0, 0, 2, 16], "texture": "#0"}
			}
		},
		{
			"from": [0, 0, 17],
			"to": [2, 1, 18],
			"faces": {
				"east": {"uv": [0, 0, 1, 1], "texture": "#0"},
				"south": {"uv": [0, 0, 2, 1], "texture": "#0"},
				"west": {"uv": [0, 0, 1, 1], "texture": "#0"},
				"up": {"uv": [0, 0, 2, 1], "texture": "#0"},
				"down": {"uv": [0, 0, 2, 1], "texture": "#0"}
			}
		},
		{
			"from": [0.25, -5, 11],
			"to": [1.75, 1, 13],
			"rotation": {"angle": -22.5, "axis": "x", "origin": [0, 0, 12]},
			"faces": {
				"north": {"uv": [0, 0, 1.5, 6], "texture": "#0"},
				"east": {"uv": [0, 0, 2, 6], "texture": "#0"},
				"south": {"uv": [0, 0, 1.5, 6], "texture": "#0"},
				"west": {"uv": [0, 0, 2, 6], "texture": "#0"},
				"down": {"uv": [0, 0, 1.5, 2], "texture": "#0"}
			}
		},
		{
			"from": [0.5, -2, 10],
			"to": [1.5, 1, 11],
			"rotation": {"angle": -22.5, "axis": "x", "origin": [0, 0, 12]},
			"faces": {
				"north": {"uv": [4, 3, 5, 6], "texture": "#0"},
				"east": {"uv": [4, 3, 5, 6], "texture": "#0"},
				"west": {"uv": [4, 3, 5, 6], "texture": "#0"},
				"down": {"uv": [0, 0, 1, 1], "texture": "#0"}
			}
		},
		{
			"from": [0, -1, -8],
			"to": [2, 0, 6],
			"faces": {
				"north": {"uv": [2, 2, 4, 3], "texture": "#0"},
				"east": {"uv": [2, 2, 16, 3], "texture": "#0"},
				"south": {"uv": [2, 2, 4, 3], "texture": "#0"},
				"west": {"uv": [2, 2, 16, 3], "texture": "#0"},
				"up": {"uv": [2, 2, 4, 16], "texture": "#0"},
				"down": {"uv": [2, 2, 4, 16], "texture": "#0"}
			}
		},
		{
			"from": [0.5, 8, -2],
			"to": [1.5, 9, -1],
			"rotation": {"angle": -45, "axis": "x", "origin": [0, 2, 5]},
			"faces": {
				"east": {"uv": [15, 15, 16, 16], "texture": "#0"},
				"south": {"uv": [15, 15, 16, 16], "texture": "#0"},
				"west": {"uv": [15, 15, 16, 16], "texture": "#0"},
				"up": {"uv": [15, 15, 16, 16], "texture": "#0"}
			}
		},
		{
			"from": [2, 0, 7],
			"to": [4, 1, 10],
			"faces": {
				"north": {"uv": [4, 3, 6, 4], "texture": "#0"},
				"east": {"uv": [4, 3, 7, 4], "texture": "#0"},
				"south": {"uv": [4, 3, 6, 4], "texture": "#0"},
				"up": {"uv": [4, 3, 6, 6], "texture": "#0"},
				"down": {"uv": [4, 3, 6, 6], "texture": "#0"}
			}
		}
	],
	"display": {
		"thirdperson_righthand": {
			"translation": [5.25, 6.75, -1.25],
			"scale": [0.75, 0.75, 0.75]
		},
		"thirdperson_lefthand": {
			"translation": [-5.25, 6.75, -1.25],
			"scale": [0.75, 0.75, 0.75]
		},
		"firstperson_righthand": {
			"translation": [16, 4, 0]
		},
		"firstperson_lefthand": {
			"translation": [5.5, 3.5, 0]
		},
		"ground": {
			"translation": [7, 10.5, 2.75]
		},
		"gui": {
			"rotation": [0, 90, 0],
			"translation": [1.75, 4.75, 0],
			"scale": [0.6, 0.6, 0.6]
		},
		"fixed": {
			"rotation": [0, 90, 0],
			"translation": [2.75, 7.25, -8.25]
		}
	}
}