{
	"credit": "Made with Blockbench",
	"parent": "block/block",
	"textures": {
		"particle": "block/chain",
		"all": "block/chain"
	},
	"elements": [
		{
			"from": [8.5, 0, 7.5],
			"to": [9.5, 1, 8.5],
			"rotation": {"angle": 45, "axis": "y", "origin": [8, 0.83333, 8]},
			"faces": {
				"north": {"uv": [5, 15, 6, 16], "texture": "#all"},
				"east": {"uv": [5, 15, 6, 16], "texture": "#all"},
				"south": {"uv": [5, 15, 6, 16], "texture": "#all"},
				"west": {"uv": [5, 15, 6, 16], "texture": "#all"},
				"up": {"uv": [5, 15, 6, 16], "rotation": 180, "texture": "#all"},
				"down": {"uv": [5, 15, 6, 16], "rotation": 180, "texture": "#all"}
			}
		},
		{
			"from": [6.5, 0, 7.5],
			"to": [7.5, 1, 8.5],
			"rotation": {"angle": 45, "axis": "y", "origin": [8, 0.83333, 8]},
			"faces": {
				"north": {"uv": [3, 15, 4, 16], "texture": "#all"},
				"east": {"uv": [3, 15, 4, 16], "texture": "#all"},
				"south": {"uv": [3, 15, 4, 16], "texture": "#all"},
				"west": {"uv": [3, 15, 4, 16], "texture": "#all"},
				"up": {"uv": [3, 15, 4, 16], "rotation": 180, "texture": "#all"},
				"down": {"uv": [3, 15, 4, 16], "rotation": 180, "texture": "#all"}
			}
		},
		{
			"from": [7.5, 1, 6.5],
			"to": [8.5, 2, 9.5],
			"rotation": {"angle": 45, "axis": "y", "origin": [8, 2.5, 8]},
			"faces": {
				"north": {"uv": [0, 14, 1, 15], "texture": "#all"},
				"east": {"uv": [0, 14, 3, 15], "rotation": 180, "texture": "#all"},
				"south": {"uv": [2, 14, 3, 15], "texture": "#all"},
				"west": {"uv": [0, 14, 3, 15], "texture": "#all"},
				"up": {"uv": [0, 14, 3, 15], "rotation": 90, "texture": "#all"},
				"down": {"uv": [0, 14, 3, 15], "rotation": 270, "texture": "#all"}
			}
		},
		{
			"from": [7.5, 12, 6.5],
			"to": [8.5, 13, 9.5],
			"rotation": {"angle": 45, "axis": "y", "origin": [8, 13.5, 8]},
			"faces": {
				"north": {"uv": [0, 14, 1, 15], "texture": "#all"},
				"east": {"uv": [0, 14, 3, 15], "rotation": 180, "texture": "#all"},
				"south": {"uv": [2, 14, 3, 15], "texture": "#all"},
				"west": {"uv": [0, 14, 3, 15], "texture": "#all"},
				"up": {"uv": [0, 14, 3, 15], "rotation": 90, "texture": "#all"},
				"down": {"uv": [0, 14, 3, 15], "rotation": 270, "texture": "#all"}
			}
		},
		{
			"from": [7.5, 3, 6.5],
			"to": [8.5, 4, 9.5],
			"rotation": {"angle": 45, "axis": "y", "origin": [8, 2.5, 8]},
			"faces": {
				"north": {"uv": [0, 12, 1, 13], "texture": "#all"},
				"east": {"uv": [0, 12, 3, 13], "rotation": 180, "texture": "#all"},
				"south": {"uv": [2, 12, 3, 13], "texture": "#all"},
				"west": {"uv": [0, 12, 3, 13], "texture": "#all"},
				"up": {"uv": [0, 12, 3, 13], "rotation": 90, "texture": "#all"},
				"down": {"uv": [0, 12, 3, 13], "rotation": 90, "texture": "#all"}
			}
		},
		{
			"from": [7.5, 14, 6.5],
			"to": [8.5, 15, 9.5],
			"rotation": {"angle": 45, "axis": "y", "origin": [8, 13.5, 8]},
			"faces": {
				"north": {"uv": [0, 12, 1, 13], "texture": "#all"},
				"east": {"uv": [0, 12, 3, 13], "rotation": 180, "texture": "#all"},
				"south": {"uv": [2, 12, 3, 13], "texture": "#all"},
				"west": {"uv": [0, 12, 3, 13], "texture": "#all"},
				"up": {"uv": [0, 12, 3, 13], "rotation": 90, "texture": "#all"},
				"down": {"uv": [0, 12, 3, 13], "rotation": 90, "texture": "#all"}
			}
		},
		{
			"from": [7.5, 2, 6.5],
			"to": [8.5, 3, 7.5],
			"rotation": {"angle": 45, "axis": "y", "origin": [8, 2.5, 8]},
			"faces": {
				"north": {"uv": [0, 13, 1, 14], "texture": "#all"},
				"east": {"uv": [0, 13, 1, 14], "texture": "#all"},
				"south": {"uv": [0, 13, 1, 14], "texture": "#all"},
				"west": {"uv": [0, 13, 1, 14], "texture": "#all"},
				"up": {"uv": [0, 13, 1, 14], "texture": "#all"},
				"down": {"uv": [0, 13, 1, 14], "texture": "#all"}
			}
		},
		{
			"from": [7.5, 13, 6.5],
			"to": [8.5, 14, 7.5],
			"rotation": {"angle": 45, "axis": "y", "origin": [8, 13.5, 8]},
			"faces": {
				"north": {"uv": [0, 13, 1, 14], "texture": "#all"},
				"east": {"uv": [0, 13, 1, 14], "texture": "#all"},
				"south": {"uv": [0, 13, 1, 14], "texture": "#all"},
				"west": {"uv": [0, 13, 1, 14], "texture": "#all"},
				"up": {"uv": [0, 13, 1, 14], "texture": "#all"},
				"down": {"uv": [0, 13, 1, 14], "texture": "#all"}
			}
		},
		{
			"from": [7.5, 2, 8.5],
			"to": [8.5, 3, 9.5],
			"rotation": {"angle": 45, "axis": "y", "origin": [8, 2.5, 8]},
			"faces": {
				"north": {"uv": [2, 13, 3, 14], "texture": "#all"},
				"east": {"uv": [2, 13, 3, 14], "texture": "#all"},
				"south": {"uv": [2, 13, 3, 14], "texture": "#all"},
				"west": {"uv": [2, 13, 3, 14], "texture": "#all"},
				"up": {"uv": [2, 13, 3, 14], "texture": "#all"},
				"down": {"uv": [2, 13, 3, 14], "texture": "#all"}
			}
		},
		{
			"from": [7.5, 13, 8.5],
			"to": [8.5, 14, 9.5],
			"rotation": {"angle": 45, "axis": "y", "origin": [8, 13.5, 8]},
			"faces": {
				"north": {"uv": [2, 13, 3, 14], "texture": "#all"},
				"east": {"uv": [2, 13, 3, 14], "texture": "#all"},
				"south": {"uv": [2, 13, 3, 14], "texture": "#all"},
				"west": {"uv": [2, 13, 3, 14], "texture": "#all"},
				"up": {"uv": [2, 13, 3, 14], "texture": "#all"},
				"down": {"uv": [2, 13, 3, 14], "texture": "#all"}
			}
		},
		{
			"from": [6.5, 1, 7.5],
			"to": [7.5, 2, 8.5],
			"rotation": {"angle": 45, "axis": "y", "origin": [8, 1.5, 8]},
			"faces": {
				"north": {"uv": [5, 14, 6, 15], "texture": "#all"},
				"east": {"uv": [5, 14, 6, 15], "texture": "#all"},
				"south": {"uv": [5, 14, 6, 15], "texture": "#all"},
				"west": {"uv": [5, 14, 6, 15], "texture": "#all"},
				"up": {"uv": [5, 14, 6, 15], "texture": "#all"},
				"down": {"uv": [5, 14, 6, 15], "texture": "#all"}
			}
		},
		{
			"from": [8.5, 1, 7.5],
			"to": [9.5, 2, 8.5],
			"rotation": {"angle": 45, "axis": "y", "origin": [8, 1.5, 8]},
			"faces": {
				"north": {"uv": [3, 14, 4, 15], "texture": "#all"},
				"east": {"uv": [3, 14, 4, 15], "texture": "#all"},
				"south": {"uv": [3, 14, 4, 15], "texture": "#all"},
				"west": {"uv": [3, 14, 4, 15], "texture": "#all"},
				"up": {"uv": [3, 14, 4, 15], "texture": "#all"},
				"down": {"uv": [3, 14, 4, 15], "texture": "#all"}
			}
		},
		{
			"from": [7.5, 6, 7.5],
			"to": [8.5, 7, 8.5],
			"rotation": {"angle": 45, "axis": "y", "origin": [8, 8, 8]},
			"faces": {
				"north": {"uv": [1, 9, 2, 10], "texture": "#all"},
				"east": {"uv": [1, 9, 2, 10], "texture": "#all"},
				"south": {"uv": [1, 9, 2, 10], "texture": "#all"},
				"west": {"uv": [1, 9, 2, 10], "texture": "#all"},
				"up": {"uv": [1, 9, 2, 10], "texture": "#all"},
				"down": {"uv": [1, 9, 2, 10], "texture": "#all"}
			}
		},
		{
			"from": [7.5, 9, 7.5],
			"to": [8.5, 10, 8.5],
			"rotation": {"angle": 45, "axis": "y", "origin": [8, 8, 8]},
			"faces": {
				"north": {"uv": [1, 6, 2, 7], "texture": "#all"},
				"east": {"uv": [1, 6, 2, 7], "texture": "#all"},
				"south": {"uv": [1, 6, 2, 7], "texture": "#all"},
				"west": {"uv": [1, 6, 2, 7], "texture": "#all"},
				"up": {"uv": [1, 6, 2, 7], "texture": "#all"},
				"down": {"uv": [1, 6, 2, 7], "texture": "#all"}
			}
		},
		{
			"from": [6.5, 6, 7.5],
			"to": [7.5, 10, 8.5],
			"rotation": {"angle": -45, "axis": "y", "origin": [8, 8, 8]},
			"faces": {
				"north": {"uv": [2, 6, 3, 10], "texture": "#all"},
				"east": {"uv": [2, 6, 3, 10], "texture": "#all"},
				"south": {"uv": [2, 6, 3, 10], "texture": "#all"},
				"west": {"uv": [2, 6, 3, 10], "texture": "#all"},
				"up": {"uv": [2, 6, 3, 7], "texture": "#all"},
				"down": {"uv": [2, 9, 3, 10], "texture": "#all"}
			}
		},
		{
			"from": [6.5, 9, 7.5],
			"to": [7.5, 13, 8.5],
			"rotation": {"angle": 45, "axis": "y", "origin": [8, 11, 8]},
			"faces": {
				"north": {"uv": [2, 6, 3, 10], "texture": "#all"},
				"east": {"uv": [2, 6, 3, 10], "texture": "#all"},
				"south": {"uv": [2, 6, 3, 10], "texture": "#all"},
				"west": {"uv": [2, 6, 3, 10], "texture": "#all"},
				"up": {"uv": [2, 6, 3, 7], "texture": "#all"},
				"down": {"uv": [2, 9, 3, 10], "texture": "#all"}
			}
		},
		{
			"from": [6.5, 3, 7.5],
			"to": [7.5, 7, 8.5],
			"rotation": {"angle": 45, "axis": "y", "origin": [8, 5, 8]},
			"faces": {
				"north": {"uv": [2, 6, 3, 10], "texture": "#all"},
				"east": {"uv": [2, 6, 3, 10], "texture": "#all"},
				"south": {"uv": [2, 6, 3, 10], "texture": "#all"},
				"west": {"uv": [5, 9, 6, 13], "texture": "#all"},
				"up": {"uv": [2, 6, 3, 7], "texture": "#all"},
				"down": {"uv": [2, 9, 3, 10], "texture": "#all"}
			}
		},
		{
			"from": [8.5, 6, 7.5],
			"to": [9.5, 10, 8.5],
			"rotation": {"angle": -45, "axis": "y", "origin": [8, 8, 8]},
			"faces": {
				"north": {"uv": [0, 6, 1, 10], "texture": "#all"},
				"east": {"uv": [0, 6, 1, 10], "texture": "#all"},
				"south": {"uv": [0, 6, 1, 10], "texture": "#all"},
				"west": {"uv": [0, 6, 1, 10], "texture": "#all"},
				"up": {"uv": [0, 6, 1, 7], "texture": "#all"},
				"down": {"uv": [0, 9, 1, 10], "texture": "#all"}
			}
		},
		{
			"from": [8.5, 9, 7.5],
			"to": [9.5, 13, 8.5],
			"rotation": {"angle": 45, "axis": "y", "origin": [8, 11, 8]},
			"faces": {
				"north": {"uv": [0, 6, 1, 10], "texture": "#all"},
				"east": {"uv": [0, 6, 1, 10], "texture": "#all"},
				"south": {"uv": [0, 6, 1, 10], "texture": "#all"},
				"west": {"uv": [0, 6, 1, 10], "texture": "#all"},
				"up": {"uv": [0, 6, 1, 7], "texture": "#all"},
				"down": {"uv": [0, 9, 1, 10], "texture": "#all"}
			}
		},
		{
			"from": [8.5, 3, 7.5],
			"to": [9.5, 7, 8.5],
			"rotation": {"angle": 45, "axis": "y", "origin": [8, 5, 8]},
			"faces": {
				"north": {"uv": [3, 9, 4, 13], "texture": "#all"},
				"east": {"uv": [3, 9, 4, 13], "texture": "#all"},
				"south": {"uv": [3, 9, 4, 13], "texture": "#all"},
				"west": {"uv": [3, 9, 4, 13], "texture": "#all"},
				"up": {"uv": [3, 9, 4, 10], "texture": "#all"},
				"down": {"uv": [0, 9, 1, 10], "texture": "#all"}
			}
		},
		{
			"from": [8.5, 14, 7.5],
			"to": [9.5, 16, 8.5],
			"rotation": {"angle": 45, "axis": "y", "origin": [8, 15, 8]},
			"faces": {
				"north": {"uv": [5, 0, 6, 2], "texture": "#all"},
				"east": {"uv": [5, 0, 6, 2], "texture": "#all"},
				"south": {"uv": [5, 0, 6, 2], "texture": "#all"},
				"west": {"uv": [5, 0, 6, 2], "texture": "#all"},
				"up": {"uv": [5, 0, 6, 1], "texture": "#all"},
				"down": {"uv": [5, 1, 6, 2], "texture": "#all"}
			}
		},
		{
			"from": [6.5, 14, 7.5],
			"to": [7.5, 16, 8.5],
			"rotation": {"angle": 45, "axis": "y", "origin": [8, 15, 8]},
			"faces": {
				"north": {"uv": [3, 0, 4, 2], "texture": "#all"},
				"east": {"uv": [3, 0, 4, 2], "texture": "#all"},
				"south": {"uv": [3, 0, 4, 2], "texture": "#all"},
				"west": {"uv": [3, 0, 4, 2], "texture": "#all"},
				"up": {"uv": [3, 0, 4, 1], "texture": "#all"},
				"down": {"uv": [3, 1, 4, 2], "texture": "#all"}
			}
		}
	]
}