{
	"credit": "Made with Blockbench",
	"parent": "minecraft:cube/cube",
	"textures": {
		"0": "block/lantern",
		"particle": "block/lantern"
	},
	"elements": [
		{
			"from": [6, 1, 6],
			"to": [10, 6, 10],
			"rotation": {"angle": 0, "axis": "y", "origin": [14, 9, 14]},
			"faces": {
				"north": {"uv": [1, 3, 5, 8], "texture": "#0"},
				"east": {"uv": [1, 3, 5, 8], "texture": "#0"},
				"south": {"uv": [1, 3, 5, 8], "texture": "#0"},
				"west": {"uv": [1, 3, 5, 8], "texture": "#0"},
				"up": {"uv": [0, 9, 6, 15], "texture": "#0"},
				"down": {"uv": [0, 9, 6, 15], "texture": "#0"}
			}
		},
		{
			"from": [6, 7, 6],
			"to": [10, 9, 10],
			"rotation": {"angle": 0, "axis": "y", "origin": [14, 15, 14]},
			"faces": {
				"north": {"uv": [1, 0, 5, 2], "texture": "#0"},
				"east": {"uv": [1, 0, 5, 2], "texture": "#0"},
				"south": {"uv": [1, 0, 5, 2], "texture": "#0"},
				"west": {"uv": [1, 0, 5, 2], "texture": "#0"},
				"up": {"uv": [1, 10, 5, 14], "texture": "#0"},
				"down": {"uv": [0, 0, 4, 4], "texture": "#missing"}
			}
		},
		{
			"from": [8.5, 9, 7.5],
			"to": [9.5, 11, 8.5],
			"rotation": {"angle": 45, "axis": "y", "origin": [8, 10.16667, 8]},
			"faces": {
				"north": {"uv": [13, 10, 14, 12], "texture": "#0"},
				"east": {"uv": [13, 10, 14, 12], "texture": "#0"},
				"south": {"uv": [13, 10, 14, 12], "texture": "#0"},
				"west": {"uv": [13, 10, 14, 12], "texture": "#0"},
				"up": {"uv": [13, 10, 14, 11], "texture": "#0"},
				"down": {"uv": [13, 11, 14, 12], "texture": "#0"}
			}
		},
		{
			"from": [6.5, 9, 7.5],
			"to": [7.5, 11, 8.5],
			"rotation": {"angle": 45, "axis": "y", "origin": [8, 10.16667, 8]},
			"faces": {
				"north": {"uv": [11, 10, 12, 12], "texture": "#0"},
				"east": {"uv": [11, 10, 12, 12], "texture": "#0"},
				"south": {"uv": [11, 10, 12, 12], "texture": "#0"},
				"west": {"uv": [11, 10, 12, 12], "texture": "#0"},
				"up": {"uv": [11, 10, 12, 11], "texture": "#0"},
				"down": {"uv": [11, 11, 12, 12], "texture": "#0"}
			}
		},
		{
			"from": [7.5, 10, 7.5],
			"to": [8.5, 11, 8.5],
			"rotation": {"angle": 45, "axis": "y", "origin": [8, 10.16667, 8]},
			"faces": {
				"north": {"uv": [12, 10, 13, 11], "texture": "#0"},
				"east": {"uv": [12, 10, 13, 11], "texture": "#0"},
				"south": {"uv": [12, 10, 13, 11], "texture": "#0"},
				"west": {"uv": [12, 10, 13, 11], "texture": "#0"},
				"up": {"uv": [12, 10, 13, 11], "texture": "#0"},
				"down": {"uv": [12, 10, 13, 11], "texture": "#0"}
			}
		},
		{
			"from": [5, 0, 5],
			"to": [11, 1, 11],
			"rotation": {"angle": 0, "axis": "y", "origin": [13, 8, 13]},
			"faces": {
				"north": {"uv": [0, 14, 6, 15], "texture": "#0"},
				"east": {"uv": [0, 14, 6, 15], "texture": "#0"},
				"south": {"uv": [0, 14, 6, 15], "texture": "#0"},
				"west": {"uv": [0, 14, 6, 15], "texture": "#0"},
				"up": {"uv": [0, 9, 6, 15], "texture": "#0"},
				"down": {"uv": [0, 9, 6, 15], "texture": "#0"}
			}
		},
		{
			"from": [5, 6, 5],
			"to": [11, 7, 11],
			"rotation": {"angle": 0, "axis": "y", "origin": [13, 14, 13]},
			"faces": {
				"north": {"uv": [0, 14, 6, 15], "texture": "#0"},
				"east": {"uv": [0, 14, 6, 15], "texture": "#0"},
				"south": {"uv": [0, 14, 6, 15], "texture": "#0"},
				"west": {"uv": [0, 14, 6, 15], "texture": "#0"},
				"up": {"uv": [0, 9, 6, 15], "texture": "#0"},
				"down": {"uv": [0, 9, 6, 15], "texture": "#0"}
			}
		},
		{
			"from": [5, 1, 5],
			"to": [6, 6, 6],
			"rotation": {"angle": 0, "axis": "y", "origin": [13, 9, 13]},
			"faces": {
				"north": {"uv": [0, 3, 1, 8], "texture": "#0"},
				"east": {"uv": [0, 3, 1, 8], "texture": "#0"},
				"south": {"uv": [0, 3, 1, 8], "texture": "#0"},
				"west": {"uv": [0, 3, 1, 8], "texture": "#0"},
				"up": {"uv": [0, 3, 1, 4], "texture": "#0"},
				"down": {"uv": [0, 7, 1, 8], "texture": "#0"}
			}
		},
		{
			"from": [5, 1, 10],
			"to": [6, 6, 11],
			"rotation": {"angle": 0, "axis": "y", "origin": [13, 9, 18]},
			"faces": {
				"north": {"uv": [0, 3, 1, 8], "texture": "#0"},
				"east": {"uv": [0, 3, 1, 8], "texture": "#0"},
				"south": {"uv": [0, 3, 1, 8], "texture": "#0"},
				"west": {"uv": [0, 3, 1, 8], "texture": "#0"},
				"up": {"uv": [0, 3, 1, 4], "texture": "#0"},
				"down": {"uv": [0, 7, 1, 8], "texture": "#0"}
			}
		},
		{
			"from": [10, 1, 10],
			"to": [11, 6, 11],
			"rotation": {"angle": 0, "axis": "y", "origin": [18, 9, 18]},
			"faces": {
				"north": {"uv": [0, 3, 1, 8], "texture": "#0"},
				"east": {"uv": [0, 3, 1, 8], "texture": "#0"},
				"south": {"uv": [0, 3, 1, 8], "texture": "#0"},
				"west": {"uv": [0, 3, 1, 8], "texture": "#0"},
				"up": {"uv": [0, 3, 1, 4], "texture": "#0"},
				"down": {"uv": [0, 7, 1, 8], "texture": "#0"}
			}
		},
		{
			"from": [10, 1, 5],
			"to": [11, 6, 6],
			"rotation": {"angle": 0, "axis": "y", "origin": [18, 9, 13]},
			"faces": {
				"north": {"uv": [0, 3, 1, 8], "texture": "#0"},
				"east": {"uv": [0, 3, 1, 8], "texture": "#0"},
				"south": {"uv": [0, 3, 1, 8], "texture": "#0"},
				"west": {"uv": [0, 3, 1, 8], "texture": "#0"},
				"up": {"uv": [0, 3, 1, 4], "texture": "#0"},
				"down": {"uv": [0, 7, 1, 8], "texture": "#0"}
			}
		}
	]
}