{
	"credit": "Made with Blockbench",
	"ambientocclusion": false,
	"textures": {
		"particle": "block/redstone_dust_dot",
		"line": "block/redstone_dust_dot"
	},
	"elements": [
		{
			"from": [6, 0, 5],
			"to": [7, 0.75, 6],
			"rotation": {"angle": 0, "axis": "y", "origin": [14, 8, 13]},
			"faces": {
				"north": {"uv": [6, 5, 7, 6], "texture": "#line", "tintindex": 0},
				"east": {"uv": [6, 5, 7, 6], "texture": "#line", "tintindex": 0},
				"south": {"uv": [6, 5, 7, 6], "texture": "#line", "tintindex": 0},
				"west": {"uv": [6, 5, 7, 6], "texture": "#line", "tintindex": 0},
				"up": {"uv": [6, 5, 7, 6], "texture": "#line", "tintindex": 0},
				"down": {"uv": [6, 5, 7, 6], "texture": "#line", "tintindex": 0}
			}
		},
		{
			"from": [8, 0, 5],
			"to": [10, 0.75, 7],
			"rotation": {"angle": 0, "axis": "y", "origin": [16, 8, 13]},
			"faces": {
				"north": {"uv": [8, 5, 10, 6], "rotation": 180, "texture": "#line", "tintindex": 0},
				"east": {"uv": [9, 5, 10, 7], "rotation": 90, "texture": "#line", "tintindex": 0},
				"south": {"uv": [8, 6, 10, 7], "texture": "#line", "tintindex": 0},
				"west": {"uv": [8, 5, 9, 7], "rotation": 270, "texture": "#line", "tintindex": 0},
				"up": {"uv": [8, 5, 10, 7], "texture": "#line", "tintindex": 0},
				"down": {"uv": [8, 5, 10, 7], "texture": "#line", "tintindex": 0}
			}
		},
		{
			"from": [6, 0, 6],
			"to": [8, 0.75, 10],
			"rotation": {"angle": 0, "axis": "y", "origin": [14, 8, 14]},
			"faces": {
				"north": {"uv": [6, 6, 8, 7], "texture": "#line", "tintindex": 0},
				"east": {"uv": [9, 6, 10, 10], "rotation": 90, "texture": "#line", "tintindex": 0},
				"south": {"uv": [6, 9, 8, 10], "texture": "#line", "tintindex": 0},
				"west": {"uv": [6, 6, 7, 10], "rotation": 270, "texture": "#line", "tintindex": 0},
				"up": {"uv": [6, 6, 8, 10], "texture": "#line", "tintindex": 0},
				"down": {"uv": [6, 6, 8, 10], "texture": "#line", "tintindex": 0}
			}
		},
		{
			"from": [9, 0, 7],
			"to": [11, 0.75, 10],
			"rotation": {"angle": 0, "axis": "y", "origin": [17, 8, 15]},
			"faces": {
				"north": {"uv": [0, 0, 2, 1], "texture": "#line", "tintindex": 0},
				"east": {"uv": [10, 6, 11, 9], "texture": "#line", "tintindex": 0},
				"south": {"uv": [9, 9, 11, 10], "texture": "#line", "tintindex": 0},
				"west": {"uv": [9, 6, 10, 9], "rotation": 270, "texture": "#line", "tintindex": 0},
				"up": {"uv": [9, 7, 11, 10], "texture": "#line", "tintindex": 0},
				"down": {"uv": [9, 7, 11, 10], "texture": "#line", "tintindex": 0}
			}
		},
		{
			"from": [5, 0, 6],
			"to": [6, 0.75, 7],
			"rotation": {"angle": 0, "axis": "y", "origin": [13, 8, 14]},
			"faces": {
				"north": {"uv": [5, 6, 6, 7], "texture": "#line", "tintindex": 0},
				"east": {"uv": [5, 6, 6, 7], "texture": "#line", "tintindex": 0},
				"south": {"uv": [5, 6, 6, 7], "texture": "#line", "tintindex": 0},
				"west": {"uv": [5, 6, 6, 7], "texture": "#line", "tintindex": 0},
				"up": {"uv": [5, 6, 6, 7], "texture": "#line", "tintindex": 0},
				"down": {"uv": [5, 6, 6, 7], "texture": "#line", "tintindex": 0}
			}
		},
		{
			"from": [10, 0, 6],
			"to": [11, 0.75, 7],
			"rotation": {"angle": 0, "axis": "y", "origin": [18, 8, 14]},
			"faces": {
				"north": {"uv": [10, 6, 11, 7], "texture": "#line", "tintindex": 0},
				"east": {"uv": [10, 6, 11, 7], "texture": "#line", "tintindex": 0},
				"south": {"uv": [10, 6, 11, 7], "texture": "#line", "tintindex": 0},
				"west": {"uv": [10, 6, 11, 7], "texture": "#line", "tintindex": 0},
				"up": {"uv": [10, 6, 11, 7], "texture": "#line", "tintindex": 0},
				"down": {"uv": [10, 6, 11, 7], "texture": "#line", "tintindex": 0}
			}
		},
		{
			"from": [11, 0, 7],
			"to": [12, 0.75, 8],
			"rotation": {"angle": 0, "axis": "y", "origin": [19, 8, 15]},
			"faces": {
				"north": {"uv": [11, 7, 12, 8], "texture": "#line", "tintindex": 0},
				"east": {"uv": [11, 7, 12, 8], "texture": "#line", "tintindex": 0},
				"south": {"uv": [11, 7, 12, 8], "texture": "#line", "tintindex": 0},
				"west": {"uv": [11, 7, 12, 8], "texture": "#line", "tintindex": 0},
				"up": {"uv": [11, 7, 12, 8], "texture": "#line", "tintindex": 0},
				"down": {"uv": [11, 7, 12, 8], "texture": "#line", "tintindex": 0}
			}
		},
		{
			"from": [10, 0, 10],
			"to": [11, 0.75, 11],
			"rotation": {"angle": 0, "axis": "y", "origin": [18, 8, 18]},
			"faces": {
				"north": {"uv": [10, 10, 11, 11], "texture": "#line", "tintindex": 0},
				"east": {"uv": [10, 10, 11, 11], "texture": "#line", "tintindex": 0},
				"south": {"uv": [10, 10, 11, 11], "texture": "#line", "tintindex": 0},
				"west": {"uv": [10, 10, 11, 11], "texture": "#line", "tintindex": 0},
				"up": {"uv": [10, 10, 11, 11], "texture": "#line", "tintindex": 0},
				"down": {"uv": [10, 10, 11, 11], "texture": "#line", "tintindex": 0}
			}
		},
		{
			"from": [8, 0, 8],
			"to": [9, 0.75, 9],
			"rotation": {"angle": 0, "axis": "y", "origin": [16, 8, 16]},
			"faces": {
				"north": {"uv": [8, 8, 9, 9], "texture": "#line", "tintindex": 0},
				"east": {"uv": [8, 8, 9, 9], "texture": "#line", "tintindex": 0},
				"south": {"uv": [8, 8, 9, 9], "texture": "#line", "tintindex": 0},
				"west": {"uv": [8, 8, 9, 9], "texture": "#line", "tintindex": 0},
				"up": {"uv": [8, 8, 9, 9], "texture": "#line", "tintindex": 0},
				"down": {"uv": [8, 8, 9, 9], "texture": "#line", "tintindex": 0}
			}
		},
		{
			"from": [9, 0, 11],
			"to": [10, 0.75, 12],
			"rotation": {"angle": 0, "axis": "y", "origin": [17, 8, 19]},
			"faces": {
				"north": {"uv": [9, 11, 10, 12], "texture": "#line", "tintindex": 0},
				"east": {"uv": [9, 11, 10, 12], "texture": "#line", "tintindex": 0},
				"south": {"uv": [9, 11, 10, 12], "texture": "#line", "tintindex": 0},
				"west": {"uv": [9, 11, 10, 12], "texture": "#line", "tintindex": 0},
				"up": {"uv": [9, 11, 10, 12], "texture": "#line", "tintindex": 0},
				"down": {"uv": [9, 11, 10, 12], "texture": "#line", "tintindex": 0}
			}
		},
		{
			"from": [5, 0, 8],
			"to": [6, 0.75, 10],
			"rotation": {"angle": 0, "axis": "y", "origin": [13, 8, 16]},
			"faces": {
				"north": {"uv": [5, 8, 6, 9], "texture": "#line", "tintindex": 0},
				"east": {"uv": [5, 8, 6, 10], "texture": "#line", "tintindex": 0},
				"south": {"uv": [5, 9, 6, 10], "texture": "#line", "tintindex": 0},
				"west": {"uv": [5, 8, 6, 10], "texture": "#line", "tintindex": 0},
				"up": {"uv": [5, 8, 6, 10], "texture": "#line", "tintindex": 0},
				"down": {"uv": [5, 8, 6, 10], "texture": "#line", "tintindex": 0}
			}
		},
		{
			"from": [7, 0, 10],
			"to": [9, 0.75, 11],
			"rotation": {"angle": 0, "axis": "y", "origin": [15, 8, 18]},
			"faces": {
				"north": {"uv": [7, 10, 9, 11], "texture": "#line", "tintindex": 0},
				"east": {"uv": [8, 10, 9, 11], "texture": "#line", "tintindex": 0},
				"south": {"uv": [7, 10, 9, 11], "texture": "#line", "tintindex": 0},
				"west": {"uv": [7, 10, 8, 11], "texture": "#line", "tintindex": 0},
				"up": {"uv": [7, 10, 9, 11], "texture": "#line", "tintindex": 0},
				"down": {"uv": [7, 10, 9, 11], "texture": "#line", "tintindex": 0}
			}
		}
	]
}