{
	"credit": "Made with Blockbench",
	"textures": {
		"0": "block/sugar_cane",
		"particle": "block/sugar_cane"
	},
	"elements": [
		{
			"from": [7, 0, 0],
			"to": [9, 16, 2],
			"rotation": {"angle": 45, "axis": "y", "origin": [8, 8.35, 8]},
			"faces": {
				"north": {"uv": [13, 0, 15, 16], "texture": "#0"},
				"east": {"uv": [13, 0, 15, 16], "texture": "#0"},
				"south": {"uv": [13, 0, 15, 16], "texture": "#0"},
				"west": {"uv": [13, 0, 15, 16], "texture": "#0"},
				"up": {"uv": [13, 3, 15, 5], "rotation": 90, "texture": "#0"},
				"down": {"uv": [13, 14, 15, 16], "rotation": 270, "texture": "#0"}
			}
		},
		{
			"from": [0, 0, 7],
			"to": [2, 16, 9],
			"rotation": {"angle": 45, "axis": "y", "origin": [8, 8.35, 8]},
			"faces": {
				"north": {"uv": [13, 0, 15, 16], "texture": "#0"},
				"east": {"uv": [13, 0, 15, 16], "texture": "#0"},
				"south": {"uv": [13, 0, 15, 16], "texture": "#0"},
				"west": {"uv": [13, 0, 15, 16], "texture": "#0"},
				"up": {"uv": [13, 3, 15, 5], "texture": "#0"},
				"down": {"uv": [13, 14, 15, 16], "texture": "#0"}
			}
		},
		{
			"from": [7, 0, 4],
			"to": [9, 16, 6],
			"rotation": {"angle": 45, "axis": "y", "origin": [8, 8.35, 8]},
			"faces": {
				"north": {"uv": [9, 0, 11, 16], "texture": "#0"},
				"east": {"uv": [9, 0, 11, 16], "texture": "#0"},
				"south": {"uv": [9, 0, 11, 16], "texture": "#0"},
				"west": {"uv": [9, 0, 11, 16], "texture": "#0"},
				"up": {"uv": [9, 0, 11, 2], "rotation": 90, "texture": "#0"},
				"down": {"uv": [9, 10, 11, 12], "rotation": 270, "texture": "#0"}
			}
		},
		{
			"from": [4, 0, 7],
			"to": [6, 16, 9],
			"rotation": {"angle": 45, "axis": "y", "origin": [8, 8.35, 8]},
			"faces": {
				"north": {"uv": [9, 0, 11, 16], "texture": "#0"},
				"east": {"uv": [9, 0, 11, 16], "texture": "#0"},
				"south": {"uv": [9, 0, 11, 16], "texture": "#0"},
				"west": {"uv": [9, 0, 11, 16], "texture": "#0"},
				"up": {"uv": [9, 0, 11, 2], "texture": "#0"},
				"down": {"uv": [9, 10, 11, 12], "texture": "#0"}
			}
		},
		{
			"from": [10, 0, 7],
			"to": [12, 16, 9],
			"rotation": {"angle": 45, "axis": "y", "origin": [8, 8.35, 8]},
			"faces": {
				"north": {"uv": [5, 0, 7, 16], "texture": "#0"},
				"east": {"uv": [5, 0, 7, 16], "texture": "#0"},
				"south": {"uv": [5, 0, 7, 16], "texture": "#0"},
				"west": {"uv": [5, 0, 7, 16], "texture": "#0"},
				"up": {"uv": [5, 0, 7, 2], "texture": "#0"},
				"down": {"uv": [5, 14, 7, 16], "texture": "#0"}
			}
		},
		{
			"from": [7, 0, 10],
			"to": [9, 16, 12],
			"rotation": {"angle": 45, "axis": "y", "origin": [8, 8.35, 8]},
			"faces": {
				"north": {"uv": [5, 0, 7, 16], "texture": "#0"},
				"east": {"uv": [5, 0, 7, 16], "texture": "#0"},
				"south": {"uv": [5, 0, 7, 16], "texture": "#0"},
				"west": {"uv": [5, 0, 7, 16], "texture": "#0"},
				"up": {"uv": [5, 0, 7, 2], "rotation": 90, "texture": "#0"},
				"down": {"uv": [5, 14, 7, 16], "rotation": 270, "texture": "#0"}
			}
		},
		{
			"from": [14, 0, 7],
			"to": [16, 16, 9],
			"rotation": {"angle": 45, "axis": "y", "origin": [8, 8.35, 8]},
			"faces": {
				"north": {"uv": [1, 0, 3, 16], "texture": "#0"},
				"east": {"uv": [1, 0, 3, 16], "texture": "#0"},
				"south": {"uv": [1, 0, 3, 16], "texture": "#0"},
				"west": {"uv": [1, 0, 3, 16], "texture": "#0"},
				"up": {"uv": [1, 2, 3, 4], "texture": "#0"},
				"down": {"uv": [1, 14, 3, 16], "texture": "#0"}
			}
		},
		{
			"from": [7, 0, 14],
			"to": [9, 16, 16],
			"rotation": {"angle": 45, "axis": "y", "origin": [8, 8.35, 8]},
			"faces": {
				"north": {"uv": [1, 0, 3, 16], "texture": "#0"},
				"east": {"uv": [1, 0, 3, 16], "texture": "#0"},
				"south": {"uv": [1, 0, 3, 16], "texture": "#0"},
				"west": {"uv": [1, 0, 3, 16], "texture": "#0"},
				"up": {"uv": [1, 2, 3, 4], "rotation": 90, "texture": "#0"},
				"down": {"uv": [1, 14, 3, 16], "rotation": 270, "texture": "#0"}
			}
		},
		{
			"from": [8, 8, -1],
			"to": [9, 10, 0],
			"rotation": {"angle": 45, "axis": "y", "origin": [8, 8.35, 8]},
			"faces": {
				"north": {"uv": [15, 6, 16, 8], "texture": "#0"},
				"east": {"uv": [15, 6, 16, 8], "texture": "#0"},
				"south": {"uv": [15, 6, 16, 8], "texture": "#0"},
				"west": {"uv": [15, 6, 16, 8], "texture": "#0"},
				"up": {"uv": [15, 6, 16, 7], "rotation": 90, "texture": "#0"},
				"down": {"uv": [15, 7, 16, 8], "rotation": 270, "texture": "#0"}
			}
		},
		{
			"from": [-1, 8, 7],
			"to": [0, 10, 8],
			"rotation": {"angle": 45, "axis": "y", "origin": [8, 8.35, 8]},
			"faces": {
				"north": {"uv": [15, 6, 16, 8], "texture": "#0"},
				"east": {"uv": [15, 6, 16, 8], "texture": "#0"},
				"south": {"uv": [15, 6, 16, 8], "texture": "#0"},
				"west": {"uv": [15, 6, 16, 8], "texture": "#0"},
				"up": {"uv": [15, 6, 16, 7], "texture": "#0"},
				"down": {"uv": [15, 7, 16, 8], "texture": "#0"}
			}
		},
		{
			"from": [7, 4, 3],
			"to": [8, 6, 4],
			"rotation": {"angle": 45, "axis": "y", "origin": [8, 8.35, 8]},
			"faces": {
				"north": {"uv": [15, 6, 16, 8], "texture": "#0"},
				"east": {"uv": [15, 6, 16, 8], "texture": "#0"},
				"south": {"uv": [15, 6, 16, 8], "texture": "#0"},
				"west": {"uv": [15, 6, 16, 8], "texture": "#0"},
				"up": {"uv": [15, 6, 16, 7], "rotation": 90, "texture": "#0"},
				"down": {"uv": [15, 7, 16, 8], "rotation": 270, "texture": "#0"}
			}
		},
		{
			"from": [3, 4, 8],
			"to": [4, 6, 9],
			"rotation": {"angle": 45, "axis": "y", "origin": [8, 8.35, 8]},
			"faces": {
				"north": {"uv": [15, 6, 16, 8], "texture": "#0"},
				"east": {"uv": [15, 6, 16, 8], "texture": "#0"},
				"south": {"uv": [15, 6, 16, 8], "texture": "#0"},
				"west": {"uv": [15, 6, 16, 8], "texture": "#0"},
				"up": {"uv": [15, 6, 16, 7], "texture": "#0"},
				"down": {"uv": [15, 7, 16, 8], "texture": "#0"}
			}
		},
		{
			"from": [8, 11, 9],
			"to": [9, 13, 10],
			"rotation": {"angle": 45, "axis": "y", "origin": [8, 8.35, 8]},
			"faces": {
				"north": {"uv": [15, 6, 16, 8], "texture": "#0"},
				"east": {"uv": [15, 6, 16, 8], "texture": "#0"},
				"south": {"uv": [15, 6, 16, 8], "texture": "#0"},
				"west": {"uv": [15, 6, 16, 8], "texture": "#0"},
				"up": {"uv": [15, 6, 16, 7], "rotation": 90, "texture": "#0"},
				"down": {"uv": [15, 7, 16, 8], "rotation": 270, "texture": "#0"}
			}
		},
		{
			"from": [9, 11, 7],
			"to": [10, 13, 8],
			"rotation": {"angle": 45, "axis": "y", "origin": [8, 8.35, 8]},
			"faces": {
				"north": {"uv": [15, 6, 16, 8], "texture": "#0"},
				"east": {"uv": [15, 6, 16, 8], "texture": "#0"},
				"south": {"uv": [15, 6, 16, 8], "texture": "#0"},
				"west": {"uv": [15, 6, 16, 8], "texture": "#0"},
				"up": {"uv": [15, 6, 16, 7], "texture": "#0"},
				"down": {"uv": [15, 7, 16, 8], "texture": "#0"}
			}
		},
		{
			"from": [13, 12, 7],
			"to": [14, 14, 8],
			"rotation": {"angle": 45, "axis": "y", "origin": [8, 8.35, 8]},
			"faces": {
				"north": {"uv": [15, 6, 16, 8], "texture": "#0"},
				"east": {"uv": [15, 6, 16, 8], "texture": "#0"},
				"south": {"uv": [15, 6, 16, 8], "texture": "#0"},
				"west": {"uv": [15, 6, 16, 8], "texture": "#0"},
				"up": {"uv": [15, 6, 16, 7], "texture": "#0"},
				"down": {"uv": [15, 7, 16, 8], "texture": "#0"}
			}
		},
		{
			"from": [8, 12, 13],
			"to": [9, 14, 14],
			"rotation": {"angle": 45, "axis": "y", "origin": [8, 8.35, 8]},
			"faces": {
				"north": {"uv": [15, 6, 16, 8], "texture": "#0"},
				"east": {"uv": [15, 6, 16, 8], "texture": "#0"},
				"south": {"uv": [15, 6, 16, 8], "texture": "#0"},
				"west": {"uv": [15, 6, 16, 8], "texture": "#0"},
				"up": {"uv": [15, 6, 16, 7], "rotation": 90, "texture": "#0"},
				"down": {"uv": [15, 7, 16, 8], "rotation": 270, "texture": "#0"}
			}
		},
		{
			"from": [8, 6, 13],
			"to": [9, 8, 14],
			"rotation": {"angle": 45, "axis": "y", "origin": [8, 8.35, 8]},
			"faces": {
				"north": {"uv": [15, 6, 16, 8], "texture": "#0"},
				"east": {"uv": [15, 6, 16, 8], "texture": "#0"},
				"south": {"uv": [15, 6, 16, 8], "texture": "#0"},
				"west": {"uv": [15, 6, 16, 8], "texture": "#0"},
				"up": {"uv": [15, 6, 16, 7], "rotation": 90, "texture": "#0"},
				"down": {"uv": [15, 7, 16, 8], "rotation": 270, "texture": "#0"}
			}
		},
		{
			"from": [13, 6, 7],
			"to": [14, 8, 8],
			"rotation": {"angle": 45, "axis": "y", "origin": [8, 8.35, 8]},
			"faces": {
				"north": {"uv": [15, 6, 16, 8], "texture": "#0"},
				"east": {"uv": [15, 6, 16, 8], "texture": "#0"},
				"south": {"uv": [15, 6, 16, 8], "texture": "#0"},
				"west": {"uv": [15, 6, 16, 8], "texture": "#0"},
				"up": {"uv": [15, 6, 16, 7], "texture": "#0"},
				"down": {"uv": [15, 7, 16, 8], "texture": "#0"}
			}
		},
		{
			"from": [7, 8, 2],
			"to": [8, 10, 3],
			"rotation": {"angle": 45, "axis": "y", "origin": [8, 8.35, 8]},
			"faces": {
				"north": {"uv": [15, 6, 16, 8], "texture": "#0"},
				"east": {"uv": [15, 6, 16, 8], "texture": "#0"},
				"south": {"uv": [15, 6, 16, 8], "texture": "#0"},
				"west": {"uv": [15, 6, 16, 8], "texture": "#0"},
				"up": {"uv": [15, 6, 16, 7], "rotation": 90, "texture": "#0"},
				"down": {"uv": [15, 7, 16, 8], "rotation": 270, "texture": "#0"}
			}
		},
		{
			"from": [2, 8, 8],
			"to": [3, 10, 9],
			"rotation": {"angle": 45, "axis": "y", "origin": [8, 8.35, 8]},
			"faces": {
				"north": {"uv": [15, 6, 16, 8], "texture": "#0"},
				"east": {"uv": [15, 6, 16, 8], "texture": "#0"},
				"south": {"uv": [15, 6, 16, 8], "texture": "#0"},
				"west": {"uv": [15, 6, 16, 8], "texture": "#0"},
				"up": {"uv": [15, 6, 16, 7], "texture": "#0"},
				"down": {"uv": [15, 7, 16, 8], "texture": "#0"}
			}
		},
		{
			"from": [8, 4, 6],
			"to": [9, 6, 7],
			"rotation": {"angle": 45, "axis": "y", "origin": [8, 8.35, 8]},
			"faces": {
				"north": {"uv": [15, 6, 16, 8], "texture": "#0"},
				"east": {"uv": [15, 6, 16, 8], "texture": "#0"},
				"south": {"uv": [15, 6, 16, 8], "texture": "#0"},
				"west": {"uv": [15, 6, 16, 8], "texture": "#0"},
				"up": {"uv": [15, 6, 16, 7], "rotation": 90, "texture": "#0"},
				"down": {"uv": [15, 7, 16, 8], "rotation": 270, "texture": "#0"}
			}
		},
		{
			"from": [6, 4, 7],
			"to": [7, 6, 8],
			"rotation": {"angle": 45, "axis": "y", "origin": [8, 8.35, 8]},
			"faces": {
				"north": {"uv": [15, 6, 16, 8], "texture": "#0"},
				"east": {"uv": [15, 6, 16, 8], "texture": "#0"},
				"south": {"uv": [15, 6, 16, 8], "texture": "#0"},
				"west": {"uv": [15, 6, 16, 8], "texture": "#0"},
				"up": {"uv": [15, 6, 16, 7], "texture": "#0"},
				"down": {"uv": [15, 7, 16, 8], "texture": "#0"}
			}
		},
		{
			"from": [7, 11, 12],
			"to": [8, 13, 13],
			"rotation": {"angle": 45, "axis": "y", "origin": [8, 8.35, 8]},
			"faces": {
				"north": {"uv": [15, 6, 16, 8], "texture": "#0"},
				"east": {"uv": [15, 6, 16, 8], "texture": "#0"},
				"south": {"uv": [15, 6, 16, 8], "texture": "#0"},
				"west": {"uv": [15, 6, 16, 8], "texture": "#0"},
				"up": {"uv": [15, 6, 16, 7], "rotation": 90, "texture": "#0"},
				"down": {"uv": [15, 7, 16, 8], "rotation": 270, "texture": "#0"}
			}
		},
		{
			"from": [12, 11, 8],
			"to": [13, 13, 9],
			"rotation": {"angle": 45, "axis": "y", "origin": [8, 8.35, 8]},
			"faces": {
				"north": {"uv": [15, 6, 16, 8], "texture": "#0"},
				"east": {"uv": [15, 6, 16, 8], "texture": "#0"},
				"south": {"uv": [15, 6, 16, 8], "texture": "#0"},
				"west": {"uv": [15, 6, 16, 8], "texture": "#0"},
				"up": {"uv": [15, 6, 16, 7], "texture": "#0"},
				"down": {"uv": [15, 7, 16, 8], "texture": "#0"}
			}
		},
		{
			"from": [7, 12, 16],
			"to": [8, 14, 17],
			"rotation": {"angle": 45, "axis": "y", "origin": [8, 8.35, 8]},
			"faces": {
				"north": {"uv": [15, 6, 16, 8], "texture": "#0"},
				"east": {"uv": [15, 6, 16, 8], "texture": "#0"},
				"south": {"uv": [15, 6, 16, 8], "texture": "#0"},
				"west": {"uv": [15, 6, 16, 8], "texture": "#0"},
				"up": {"uv": [15, 6, 16, 7], "rotation": 90, "texture": "#0"},
				"down": {"uv": [15, 7, 16, 8], "rotation": 270, "texture": "#0"}
			}
		},
		{
			"from": [16, 12, 8],
			"to": [17, 14, 9],
			"rotation": {"angle": 45, "axis": "y", "origin": [8, 8.35, 8]},
			"faces": {
				"north": {"uv": [15, 6, 16, 8], "texture": "#0"},
				"east": {"uv": [15, 6, 16, 8], "texture": "#0"},
				"south": {"uv": [15, 6, 16, 8], "texture": "#0"},
				"west": {"uv": [15, 6, 16, 8], "texture": "#0"},
				"up": {"uv": [15, 6, 16, 7], "texture": "#0"},
				"down": {"uv": [15, 7, 16, 8], "texture": "#0"}
			}
		},
		{
			"from": [7, 6, 16],
			"to": [8, 8, 17],
			"rotation": {"angle": 45, "axis": "y", "origin": [8, 8.35, 8]},
			"faces": {
				"north": {"uv": [15, 6, 16, 8], "texture": "#0"},
				"east": {"uv": [15, 6, 16, 8], "texture": "#0"},
				"south": {"uv": [15, 6, 16, 8], "texture": "#0"},
				"west": {"uv": [15, 6, 16, 8], "texture": "#0"},
				"up": {"uv": [15, 6, 16, 7], "rotation": 90, "texture": "#0"},
				"down": {"uv": [15, 7, 16, 8], "rotation": 270, "texture": "#0"}
			}
		},
		{
			"from": [16, 6, 8],
			"to": [17, 8, 9],
			"rotation": {"angle": 45, "axis": "y", "origin": [8, 8.35, 8]},
			"faces": {
				"north": {"uv": [15, 6, 16, 8], "texture": "#0"},
				"east": {"uv": [15, 6, 16, 8], "texture": "#0"},
				"south": {"uv": [15, 6, 16, 8], "texture": "#0"},
				"west": {"uv": [15, 6, 16, 8], "texture": "#0"},
				"up": {"uv": [15, 6, 16, 7], "texture": "#0"},
				"down": {"uv": [15, 7, 16, 8], "texture": "#0"}
			}
		},
		{
			"from": [8, 2, 2],
			"to": [9, 3, 3],
			"rotation": {"angle": 45, "axis": "y", "origin": [8, 8.35, 8]},
			"faces": {
				"north": {"uv": [12, 13, 13, 14], "texture": "#0"},
				"east": {"uv": [12, 13, 13, 14], "texture": "#0"},
				"south": {"uv": [12, 13, 13, 14], "texture": "#0"},
				"west": {"uv": [12, 13, 13, 14], "texture": "#0"},
				"up": {"uv": [12, 13, 13, 14], "rotation": 90, "texture": "#0"},
				"down": {"uv": [12, 13, 13, 14], "rotation": 270, "texture": "#0"}
			}
		},
		{
			"from": [2, 2, 7],
			"to": [3, 3, 8],
			"rotation": {"angle": 45, "axis": "y", "origin": [8, 8.35, 8]},
			"faces": {
				"north": {"uv": [12, 13, 13, 14], "texture": "#0"},
				"east": {"uv": [12, 13, 13, 14], "texture": "#0"},
				"south": {"uv": [12, 13, 13, 14], "texture": "#0"},
				"west": {"uv": [12, 13, 13, 14], "texture": "#0"},
				"up": {"uv": [12, 13, 13, 14], "texture": "#0"},
				"down": {"uv": [12, 13, 13, 14], "texture": "#0"}
			}
		},
		{
			"from": [7, 2, -1],
			"to": [8, 3, 0],
			"rotation": {"angle": 45, "axis": "y", "origin": [8, 8.35, 8]},
			"faces": {
				"north": {"uv": [12, 13, 13, 14], "texture": "#0"},
				"east": {"uv": [12, 13, 13, 14], "texture": "#0"},
				"south": {"uv": [12, 13, 13, 14], "texture": "#0"},
				"west": {"uv": [12, 13, 13, 14], "texture": "#0"},
				"up": {"uv": [12, 13, 13, 14], "rotation": 90, "texture": "#0"},
				"down": {"uv": [12, 13, 13, 14], "rotation": 270, "texture": "#0"}
			}
		},
		{
			"from": [-1, 2, 8],
			"to": [0, 3, 9],
			"rotation": {"angle": 45, "axis": "y", "origin": [8, 8.35, 8]},
			"faces": {
				"north": {"uv": [12, 13, 13, 14], "texture": "#0"},
				"east": {"uv": [12, 13, 13, 14], "texture": "#0"},
				"south": {"uv": [12, 13, 13, 14], "texture": "#0"},
				"west": {"uv": [12, 13, 13, 14], "texture": "#0"},
				"up": {"uv": [12, 13, 13, 14], "texture": "#0"},
				"down": {"uv": [12, 13, 13, 14], "texture": "#0"}
			}
		},
		{
			"from": [8, 13, 3],
			"to": [9, 14, 4],
			"rotation": {"angle": 45, "axis": "y", "origin": [8, 8.35, 8]},
			"faces": {
				"north": {"uv": [12, 13, 13, 14], "texture": "#0"},
				"east": {"uv": [12, 13, 13, 14], "texture": "#0"},
				"south": {"uv": [12, 13, 13, 14], "texture": "#0"},
				"west": {"uv": [12, 13, 13, 14], "texture": "#0"},
				"up": {"uv": [12, 13, 13, 14], "rotation": 90, "texture": "#0"},
				"down": {"uv": [12, 13, 13, 14], "rotation": 270, "texture": "#0"}
			}
		},
		{
			"from": [3, 13, 7],
			"to": [4, 14, 8],
			"rotation": {"angle": 45, "axis": "y", "origin": [8, 8.35, 8]},
			"faces": {
				"north": {"uv": [12, 13, 13, 14], "texture": "#0"},
				"east": {"uv": [12, 13, 13, 14], "texture": "#0"},
				"south": {"uv": [12, 13, 13, 14], "texture": "#0"},
				"west": {"uv": [12, 13, 13, 14], "texture": "#0"},
				"up": {"uv": [12, 13, 13, 14], "texture": "#0"},
				"down": {"uv": [12, 13, 13, 14], "texture": "#0"}
			}
		},
		{
			"from": [7, 13, 6],
			"to": [8, 14, 7],
			"rotation": {"angle": 45, "axis": "y", "origin": [8, 8.35, 8]},
			"faces": {
				"north": {"uv": [12, 13, 13, 14], "texture": "#0"},
				"east": {"uv": [12, 13, 13, 14], "texture": "#0"},
				"south": {"uv": [12, 13, 13, 14], "texture": "#0"},
				"west": {"uv": [12, 13, 13, 14], "texture": "#0"},
				"up": {"uv": [12, 13, 13, 14], "rotation": 90, "texture": "#0"},
				"down": {"uv": [12, 13, 13, 14], "rotation": 270, "texture": "#0"}
			}
		},
		{
			"from": [6, 13, 8],
			"to": [7, 14, 9],
			"rotation": {"angle": 45, "axis": "y", "origin": [8, 8.35, 8]},
			"faces": {
				"north": {"uv": [12, 13, 13, 14], "texture": "#0"},
				"east": {"uv": [12, 13, 13, 14], "texture": "#0"},
				"south": {"uv": [12, 13, 13, 14], "texture": "#0"},
				"west": {"uv": [12, 13, 13, 14], "texture": "#0"},
				"up": {"uv": [12, 13, 13, 14], "texture": "#0"},
				"down": {"uv": [12, 13, 13, 14], "texture": "#0"}
			}
		},
		{
			"from": [8, 5, 12],
			"to": [9, 6, 13],
			"rotation": {"angle": 45, "axis": "y", "origin": [8, 8.35, 8]},
			"faces": {
				"north": {"uv": [12, 13, 13, 14], "texture": "#0"},
				"east": {"uv": [12, 13, 13, 14], "texture": "#0"},
				"south": {"uv": [12, 13, 13, 14], "texture": "#0"},
				"west": {"uv": [12, 13, 13, 14], "texture": "#0"},
				"up": {"uv": [12, 13, 13, 14], "rotation": 90, "texture": "#0"},
				"down": {"uv": [12, 13, 13, 14], "rotation": 270, "texture": "#0"}
			}
		},
		{
			"from": [12, 5, 7],
			"to": [13, 6, 8],
			"rotation": {"angle": 45, "axis": "y", "origin": [8, 8.35, 8]},
			"faces": {
				"north": {"uv": [12, 13, 13, 14], "texture": "#0"},
				"east": {"uv": [12, 13, 13, 14], "texture": "#0"},
				"south": {"uv": [12, 13, 13, 14], "texture": "#0"},
				"west": {"uv": [12, 13, 13, 14], "texture": "#0"},
				"up": {"uv": [12, 13, 13, 14], "texture": "#0"},
				"down": {"uv": [12, 13, 13, 14], "texture": "#0"}
			}
		},
		{
			"from": [7, 5, 9],
			"to": [8, 6, 10],
			"rotation": {"angle": 45, "axis": "y", "origin": [8, 8.35, 8]},
			"faces": {
				"north": {"uv": [12, 13, 13, 14], "texture": "#0"},
				"east": {"uv": [12, 13, 13, 14], "texture": "#0"},
				"south": {"uv": [12, 13, 13, 14], "texture": "#0"},
				"west": {"uv": [12, 13, 13, 14], "texture": "#0"},
				"up": {"uv": [12, 13, 13, 14], "rotation": 90, "texture": "#0"},
				"down": {"uv": [12, 13, 13, 14], "rotation": 270, "texture": "#0"}
			}
		},
		{
			"from": [9, 5, 8],
			"to": [10, 6, 9],
			"rotation": {"angle": 45, "axis": "y", "origin": [8, 8.35, 8]},
			"faces": {
				"north": {"uv": [12, 13, 13, 14], "texture": "#0"},
				"east": {"uv": [12, 13, 13, 14], "texture": "#0"},
				"south": {"uv": [12, 13, 13, 14], "texture": "#0"},
				"west": {"uv": [12, 13, 13, 14], "texture": "#0"},
				"up": {"uv": [12, 13, 13, 14], "texture": "#0"},
				"down": {"uv": [12, 13, 13, 14], "texture": "#0"}
			}
		}
	]
}