{
  "_fv": 43,
  "_type": "gui",
  "definition": {
    "type": 1,
    "width": 176,
    "height": 166,
    "inventoryOffsetX": 0,
    "inventoryOffsetY": 0,
    "renderBgLayer": true,
    "doesPauseGame": false,
    "components": [
      {
        "type": "label",
        "data": {
          "name": "label_clone_armor_customizer",
          "text": {
            "fixedValue": "Clone Armor Customizer"
          },
          "color": {
            "value": -12829636,
            "falpha": 0.0
          },
          "x": 133,
          "y": 44
        }
      },
      {
        "type": "inputslot",
        "data": {
          "inputLimit": {
            "value": ""
          },
          "disablePlacement": {
            "fixedValue": false
          },
          "id": 0,
          "disablePickup": {
            "fixedValue": false
          },
          "dropItemsWhenNotBound": true,
          "x": 133,
          "y": 65
        }
      },
      {
        "type": "inputslot",
        "data": {
          "inputLimit": {
            "value": ""
          },
          "disablePlacement": {
            "fixedValue": false
          },
          "id": 1,
          "disablePickup": {
            "fixedValue": false
          },
          "dropItemsWhenNotBound": true,
          "x": 179,
          "y": 65
        }
      },
      {
        "type": "outputslot",
        "data": {
          "id": 3,
          "disablePickup": {
            "fixedValue": false
          },
          "dropItemsWhenNotBound": true,
          "x": 277,
          "y": 65
        }
      },
      {
        "type": "button",
        "data": {
          "name": "button_customize",
          "text": "Customize",
          "onClick": {
            "name": "CloneArmorCustomizerCustomize"
          },
          "width": 70,
          "height": 20,
          "x": 179,
          "y": 91
        }
      },
      {
        "type": "image",
        "data": {
          "image": ".png",
          "use1Xscale": false,
          "x": 156,
          "y": 65
        }
      },
      {
        "type": "image",
        "data": {
          "image": "arrow.png",
          "use1Xscale": false,
          "x": 246,
          "y": 65
        }
      },
      {
        "type": "image",
        "data": {
          "image": ".png",
          "use1Xscale": false,
          "x": 201,
          "y": 65
        }
      },
      {
        "type": "inputslot",
        "data": {
          "inputLimit": {
            "value": ""
          },
          "disablePlacement": {
            "fixedValue": false
          },
          "id": 2,
          "disablePickup": {
            "fixedValue": false
          },
          "dropItemsWhenNotBound": true,
          "x": 223,
          "y": 65
        }
      },
      {
        "type": "image",
        "data": {
          "image": "clone_armor_customizer_grade_slot.png",
          "use1Xscale": false,
          "x": 180,
          "y": 66
        }
      },
      {
        "type": "image",
        "data": {
          "image": "clone_armor_customizer_dye_slot.png",
          "use1Xscale": false,
          "x": 224,
          "y": 66
        }
      }
    ],
    "gridSettings": {
      "sx": 18,
      "sy": 18,
      "ox": 11,
      "oy": 15,
      "snapOnGrid": false
    }
  }
}