{
  "_fv": 43,
  "_type": "biome",
  "definition": {
    "name": "Felucia Blue Plains",
    "groundBlock": {
      "value": "Blocks.GRASS"
    },
    "undergroundBlock": {
      "value": "Blocks.DIRT#1"
    },
    "airColor": {
      "value": -3342592,
      "falpha": 0.0
    },
    "grassColor": {
      "value": -3355648,
      "falpha": 0.0
    },
    "foliageColor": {
      "value": -6711040,
      "falpha": 0.0
    },
    "waterColor": {
      "value": -6711040,
      "falpha": 0.0
    },
    "waterFogColor": {
      "value": -3355648,
      "falpha": 0.0
    },
    "ambientSound": {
      "value": ""
    },
    "additionsSound": {
      "value": ""
    },
    "music": {
      "value": ""
    },
    "moodSound": {
      "value": ""
    },
    "moodSoundDelay": 6000,
    "spawnParticles": false,
    "particleToSpawn": {
      "value": "EXPLOSION_NORMAL"
    },
    "particlesProbability": 0.5,
    "rainingPossibility": 0.5,
    "temperature": 0.5,
    "spawnBiome": false,
    "spawnInCaves": false,
    "spawnBiomeNether": false,
    "genTemperature": {
      "min": -0.4,
      "max": 0.4
    },
    "genHumidity": {
      "min": -0.4,
      "max": 0.4
    },
    "genContinentalness": {
      "min": 0.10999999999999999,
      "max": 0.91
    },
    "genErosion": {
      "min": 0.6,
      "max": 1.4
    },
    "genWeirdness": {
      "min": 0.34232717308060445,
      "max": 1.1423271730806044
    },
    "treesPerChunk": 3,
    "vanillaTreeType": "Savanna trees",
    "treeType": 1,
    "minHeight": 8,
    "treeStem": {
      "value": "CUSTOM:FeluciaYellowLog"
    },
    "treeBranch": {
      "value": "CUSTOM:FeluciaYellowLeaves"
    },
    "treeVines": {
      "value": ""
    },
    "treeFruits": {
      "value": ""
    },
    "defaultFeatures": [
      "Caves",
      "Ores",
      "FrozenTopLayer",
      "ForestGrass",
      "DefaultFlowers"
    ],
    "spawnStronghold": false,
    "spawnMineshaft": false,
    "spawnMineshaftMesa": false,
    "spawnPillagerOutpost": false,
    "villageType": "none",
    "spawnWoodlandMansion": false,
    "spawnJungleTemple": false,
    "spawnDesertPyramid": false,
    "spawnSwampHut": false,
    "spawnIgloo": false,
    "spawnOceanMonument": false,
    "spawnShipwreck": false,
    "spawnShipwreckBeached": false,
    "spawnBuriedTreasure": false,
    "oceanRuinType": "NONE",
    "spawnNetherBridge": false,
    "spawnNetherFossil": false,
    "spawnBastionRemnant": false,
    "spawnEndCity": false,
    "spawnRuinedPortal": "NONE",
    "spawnEntries": []
  }
}