{
  "_fv": 43,
  "_type": "armor",
  "definition": {
    "enableHelmet": true,
    "textureHelmet": "clone_armor_item_501st_jet_helmet",
    "enableBody": true,
    "textureBody": "clone_armor_item_501st_jet_jetpack",
    "enableLeggings": false,
    "textureLeggings": "jetpack_leggings",
    "enableBoots": false,
    "textureBoots": "jetpack_boots",
    "creativeTab": {
      "value": "CUSTOM:Republic"
    },
    "armorTextureFile": "clone_armor_armor_501st",
    "helmetName": "501st Jet Trooper Helmet",
    "bodyName": "501st Jetpack",
    "leggingsName": "Jetpack Leggings",
    "bootsName": "Jetpack Boots",
    "helmetSpecialInfo": [],
    "bodySpecialInfo": [],
    "leggingsSpecialInfo": [],
    "bootsSpecialInfo": [],
    "helmetModelName": "ModelHelmetPlain",
    "helmetModelPart": "head",
    "helmetModelTexture": "clone_armor_armor_501st_jet_layer_helmet.png",
    "bodyModelName": "ModelChestplateJetpack",
    "bodyModelPart": "body",
    "armsModelPartL": "left_arm",
    "armsModelPartR": "right_arm",
    "bodyModelTexture": "clone_armor_armor_501st_jet_jetpack.png",
    "leggingsModelName": "Default",
    "leggingsModelPartL": "Leggings L",
    "leggingsModelPartR": "Leggings R",
    "leggingsModelTexture": "From armor",
    "bootsModelName": "Default",
    "bootsModelPartL": "Boots L",
    "bootsModelPartR": "Boots R",
    "bootsModelTexture": "From armor",
    "helmetItemRenderType": 0,
    "helmetItemCustomModelName": "Normal",
    "bodyItemRenderType": 0,
    "bodyItemCustomModelName": "Normal",
    "leggingsItemRenderType": 0,
    "leggingsItemCustomModelName": "Normal",
    "bootsItemRenderType": 0,
    "bootsItemCustomModelName": "Normal",
    "helmetImmuneToFire": false,
    "bodyImmuneToFire": false,
    "leggingsImmuneToFire": false,
    "bootsImmuneToFire": false,
    "maxDamage": 70,
    "damageValueHelmet": 10,
    "damageValueBody": 24,
    "damageValueLeggings": 26,
    "damageValueBoots": 10,
    "enchantability": 15,
    "toughness": 2.0,
    "knockbackResistance": 0.05,
    "equipSound": {
      "value": "item.armor.equip_iron"
    },
    "repairItems": [
      {
        "value": "CUSTOM:PlastoidPlate"
      }
    ]
  }
}