{
  "_fv": 43,
  "_type": "biome",
  "definition": {
    "name": "Kashyyyk",
    "groundBlock": {
      "value": "Blocks.GRASS"
    },
    "undergroundBlock": {
      "value": "Blocks.STONE#0"
    },
    "grassColor": {
      "value": -16756736,
      "falpha": 0.0
    },
    "foliageColor": {
      "value": -16762112,
      "falpha": 0.0
    },
    "waterColor": {
      "value": -687821586,
      "falpha": 0.0
    },
    "waterFogColor": {
      "value": -687821586,
      "falpha": 0.0
    },
    "ambientSound": {
      "value": ""
    },
    "additionsSound": {
      "value": ""
    },
    "music": {
      "value": ""
    },
    "moodSound": {
      "value": ""
    },
    "moodSoundDelay": 6000,
    "spawnParticles": false,
    "particleToSpawn": {
      "value": "EXPLOSION_NORMAL"
    },
    "particlesProbability": 0.5,
    "rainingPossibility": 0.5,
    "temperature": 0.5,
    "spawnBiome": false,
    "spawnInCaves": false,
    "spawnBiomeNether": false,
    "genTemperature": {
      "min": -0.4,
      "max": 0.4
    },
    "genHumidity": {
      "min": -0.4,
      "max": 0.4
    },
    "genContinentalness": {
      "min": 0.10999999999999999,
      "max": 0.91
    },
    "genErosion": {
      "min": 0.15000000000000002,
      "max": 0.9500000000000001
    },
    "genWeirdness": {
      "min": -0.13894478455170456,
      "max": 0.6610552154482955
    },
    "treesPerChunk": 5,
    "vanillaTreeType": "Big trees",
    "treeType": 1,
    "minHeight": 12,
    "treeStem": {
      "value": "Blocks.LOG#3"
    },
    "treeBranch": {
      "value": "Blocks.LEAVES#3"
    },
    "treeVines": {
      "value": "Blocks.VINE"
    },
    "treeFruits": {
      "value": ""
    },
    "defaultFeatures": [
      "Caves",
      "Ores",
      "FrozenTopLayer",
      "ForestGrass",
      "DefaultFlowers"
    ],
    "spawnStronghold": false,
    "spawnMineshaft": true,
    "spawnMineshaftMesa": false,
    "spawnPillagerOutpost": false,
    "villageType": "none",
    "spawnWoodlandMansion": false,
    "spawnJungleTemple": false,
    "spawnDesertPyramid": false,
    "spawnSwampHut": false,
    "spawnIgloo": false,
    "spawnOceanMonument": false,
    "spawnShipwreck": false,
    "spawnShipwreckBeached": false,
    "spawnBuriedTreasure": false,
    "oceanRuinType": "NONE",
    "spawnNetherBridge": false,
    "spawnNetherFossil": false,
    "spawnBastionRemnant": false,
    "spawnEndCity": false,
    "spawnRuinedPortal": "NONE",
    "spawnEntries": []
  }
}