{
  "_fv": 43,
  "_type": "rangeditem",
  "definition": {
    "renderType": 1,
    "texture": "blaster_dc_s",
    "customModelName": "blaster_dc_15s:default",
    "name": "Repubblic Tank Shot",
    "specialInfo": [],
    "creativeTab": {
      "value": "No creative tab entry"
    },
    "stackSize": 1,
    "ammoItem": {
      "value": ""
    },
    "shootConstantly": false,
    "usageCount": 0,
    "actionSound": {
      "value": "CUSTOM:entity.laser.shot"
    },
    "hasGlow": false,
    "animation": "none",
    "enableMeleeDamage": false,
    "damageVsEntity": 0.0,
    "bulletPower": 10.0,
    "bulletDamage": 8.0,
    "bulletKnockback": 0,
    "bulletParticles": false,
    "bulletIgnitesFire": false,
    "bulletItemTexture": {
      "value": "CUSTOM:BlasterMunitions"
    },
    "bulletModel": "ModelLaserShot",
    "customBulletModelTexture": "laser_shot_1.png",
    "onBulletHitsBlock": {
      "name": "TankShootExplosionProcedure"
    }
  }
}