{
  "_fv": 43,
  "_type": "overlay",
  "definition": {
    "priority": "NORMAL",
    "components": [
      {
        "type": "label",
        "data": {
          "name": "label_varintegertherm_det_num",
          "text": {
            "fixedValue": "<VAR:integer:therm_det_num>",
            "name": "ReturnThermalDetonatorNum"
          },
          "color": {
            "value": -12829636,
            "falpha": 0.0
          },
          "x": 139,
          "y": 184
        }
      },
      {
        "type": "image",
        "data": {
          "image": "thermal_detonator.png",
          "use1Xscale": false,
          "x": 123,
          "y": 179
        }
      }
    ],
    "baseTexture": "",
    "overlayTarget": "Ingame",
    "displayCondition": {
      "name": "ThermalDetonatorCountProcedure"
    },
    "gridSettings": {
      "sx": 18,
      "sy": 18,
      "ox": 11,
      "oy": 15,
      "snapOnGrid": false
    }
  }
}