{
	"credit": "Made with Blockbench",
	"parent": "minecraft:block/cube",
	"textures": {
		"0": "block/lodestone_side",
		"1": "block/lodestone_top",
		"particle": "block/lodestone_side"
	},
	"elements": [
		{
			"from": [0, 0, 0],
			"to": [1, 16, 1],
			"faces": {
				"north": {"uv": [15, 0, 16, 16], "texture": "#0"},
				"east": {"uv": [15, 0, 16, 16], "texture": "#0"},
				"south": {"uv": [0, 0, 1, 16], "texture": "#0"},
				"west": {"uv": [0, 0, 1, 16], "texture": "#0"},
				"up": {"uv": [15, 15, 16, 16], "texture": "#1"},
				"down": {"uv": [15, 0, 16, 1], "texture": "#1"}
			}
		},
		{
			"from": [0, 0, 15],
			"to": [1, 16, 16],
			"rotation": {"angle": 0, "axis": "y", "origin": [8, 8, 23]},
			"faces": {
				"north": {"uv": [15, 0, 16, 16], "texture": "#0"},
				"east": {"uv": [0, 0, 1, 16], "texture": "#0"},
				"south": {"uv": [0, 0, 1, 16], "texture": "#0"},
				"west": {"uv": [15, 0, 16, 16], "texture": "#0"},
				"up": {"uv": [15, 0, 16, 1], "texture": "#1"},
				"down": {"uv": [15, 15, 16, 16], "texture": "#1"}
			}
		},
		{
			"from": [15, 0, 15],
			"to": [16, 16, 16],
			"rotation": {"angle": 0, "axis": "y", "origin": [23, 8, 23]},
			"faces": {
				"north": {"uv": [0, 0, 1, 16], "texture": "#0"},
				"east": {"uv": [0, 0, 1, 16], "texture": "#0"},
				"south": {"uv": [15, 0, 16, 16], "texture": "#0"},
				"west": {"uv": [15, 0, 16, 16], "texture": "#0"},
				"up": {"uv": [0, 0, 1, 1], "texture": "#1"},
				"down": {"uv": [0, 15, 1, 16], "texture": "#1"}
			}
		},
		{
			"from": [15, 0, 0],
			"to": [16, 16, 1],
			"rotation": {"angle": 0, "axis": "y", "origin": [23, 8, 8]},
			"faces": {
				"north": {"uv": [0, 0, 1, 16], "texture": "#0"},
				"east": {"uv": [15, 0, 16, 16], "texture": "#0"},
				"south": {"uv": [15, 0, 16, 16], "texture": "#0"},
				"west": {"uv": [0, 0, 1, 16], "texture": "#0"},
				"up": {"uv": [0, 15, 1, 16], "texture": "#1"},
				"down": {"uv": [0, 0, 1, 1], "texture": "#1"}
			}
		},
		{
			"from": [1, 0, 0],
			"to": [15, 1, 1],
			"rotation": {"angle": 0, "axis": "y", "origin": [9, 8, 8]},
			"faces": {
				"north": {"uv": [1, 15, 15, 16], "texture": "#0"},
				"east": {"uv": [0, 0, 1, 1], "texture": "#missing"},
				"south": {"uv": [1, 0, 15, 1], "rotation": 180, "texture": "#1"},
				"west": {"uv": [0, 0, 1, 1], "texture": "#missing"},
				"up": {"uv": [1, 15, 15, 16], "rotation": 180, "texture": "#0"},
				"down": {"uv": [2, 0, 16, 1], "texture": "#1"}
			}
		},
		{
			"from": [1, 15, 0],
			"to": [15, 16, 1],
			"rotation": {"angle": 0, "axis": "y", "origin": [9, 23, 8]},
			"faces": {
				"north": {"uv": [1, 0, 15, 1], "texture": "#0"},
				"east": {"uv": [0, 0, 1, 1], "texture": "#missing"},
				"south": {"uv": [1, 15, 15, 16], "texture": "#1"},
				"west": {"uv": [0, 0, 1, 1], "texture": "#missing"},
				"up": {"uv": [1, 15, 15, 16], "texture": "#1"},
				"down": {"uv": [1, 0, 15, 1], "rotation": 180, "texture": "#0"}
			}
		},
		{
			"from": [1, 15, 15],
			"to": [15, 16, 16],
			"rotation": {"angle": 0, "axis": "y", "origin": [9, 23, 23]},
			"faces": {
				"north": {"uv": [1, 0, 15, 1], "rotation": 180, "texture": "#1"},
				"east": {"uv": [0, 0, 1, 1], "texture": "#missing"},
				"south": {"uv": [1, 0, 15, 1], "texture": "#0"},
				"west": {"uv": [0, 0, 1, 1], "texture": "#missing"},
				"up": {"uv": [1, 0, 15, 1], "texture": "#1"},
				"down": {"uv": [1, 0, 15, 1], "texture": "#0"}
			}
		},
		{
			"from": [1, 0, 15],
			"to": [15, 1, 16],
			"rotation": {"angle": 0, "axis": "y", "origin": [9, 8, 23]},
			"faces": {
				"north": {"uv": [1, 15, 15, 16], "rotation": 180, "texture": "#1"},
				"east": {"uv": [0, 0, 1, 1], "texture": "#missing"},
				"south": {"uv": [1, 15, 15, 16], "texture": "#0"},
				"west": {"uv": [0, 0, 1, 1], "texture": "#missing"},
				"up": {"uv": [1, 15, 15, 16], "texture": "#0"},
				"down": {"uv": [1, 15, 15, 16], "texture": "#1"}
			}
		},
		{
			"from": [0, 0, 1],
			"to": [1, 1, 15],
			"rotation": {"angle": 0, "axis": "y", "origin": [8, 8, 9]},
			"faces": {
				"north": {"uv": [0, 0, 1, 1], "texture": "#missing"},
				"east": {"uv": [15, 1, 16, 15], "rotation": 90, "texture": "#1"},
				"south": {"uv": [0, 0, 1, 1], "texture": "#missing"},
				"west": {"uv": [1, 15, 15, 16], "texture": "#0"},
				"up": {"uv": [1, 15, 15, 16], "rotation": 90, "texture": "#0"},
				"down": {"uv": [15, 1, 16, 15], "texture": "#1"}
			}
		},
		{
			"from": [0, 15, 1],
			"to": [1, 16, 15],
			"rotation": {"angle": 0, "axis": "y", "origin": [8, 23, 9]},
			"faces": {
				"north": {"uv": [0, 0, 1, 1], "texture": "#missing"},
				"east": {"uv": [15, 1, 16, 15], "rotation": 90, "texture": "#1"},
				"south": {"uv": [0, 0, 1, 1], "texture": "#missing"},
				"west": {"uv": [1, 0, 15, 1], "texture": "#0"},
				"up": {"uv": [15, 1, 16, 15], "texture": "#1"},
				"down": {"uv": [1, 0, 15, 1], "rotation": 270, "texture": "#0"}
			}
		},
		{
			"from": [15, 15, 1],
			"to": [16, 16, 15],
			"rotation": {"angle": 0, "axis": "y", "origin": [23, 23, 9]},
			"faces": {
				"north": {"uv": [0, 0, 1, 1], "texture": "#missing"},
				"east": {"uv": [1, 0, 15, 1], "texture": "#0"},
				"south": {"uv": [0, 0, 1, 1], "texture": "#missing"},
				"west": {"uv": [0, 1, 1, 15], "rotation": 270, "texture": "#1"},
				"up": {"uv": [0, 1, 1, 15], "texture": "#1"},
				"down": {"uv": [1, 0, 15, 1], "rotation": 90, "texture": "#0"}
			}
		},
		{
			"from": [15, 0, 1],
			"to": [16, 1, 15],
			"rotation": {"angle": 0, "axis": "y", "origin": [23, 8, 9]},
			"faces": {
				"north": {"uv": [0, 0, 1, 1], "texture": "#missing"},
				"east": {"uv": [1, 15, 15, 16], "texture": "#0"},
				"south": {"uv": [0, 0, 1, 1], "texture": "#missing"},
				"west": {"uv": [0, 1, 1, 15], "rotation": 90, "texture": "#1"},
				"up": {"uv": [1, 15, 15, 16], "rotation": 270, "texture": "#0"},
				"down": {"uv": [0, 1, 1, 15], "texture": "#1"}
			}
		},
		{
			"from": [1, 15, 1],
			"to": [15, 15, 15],
			"rotation": {"angle": 0, "axis": "y", "origin": [8, 15, 8]},
			"faces": {
				"north": {"uv": [0, 0, 14, 0], "texture": "#missing"},
				"east": {"uv": [0, 0, 14, 0], "texture": "#missing"},
				"south": {"uv": [0, 0, 14, 0], "texture": "#missing"},
				"west": {"uv": [0, 0, 14, 0], "texture": "#missing"},
				"up": {"uv": [1, 1, 15, 15], "texture": "#1"},
				"down": {"uv": [0, 0, 14, 14], "texture": "#missing"}
			}
		},
		{
			"from": [1, 1, 1],
			"to": [15, 1, 15],
			"rotation": {"angle": 0, "axis": "x", "origin": [8, 1, 8]},
			"faces": {
				"north": {"uv": [0, 0, 14, 0], "rotation": 180, "texture": "#missing"},
				"east": {"uv": [0, 0, 14, 0], "rotation": 180, "texture": "#missing"},
				"south": {"uv": [0, 0, 14, 0], "rotation": 180, "texture": "#missing"},
				"west": {"uv": [0, 0, 14, 0], "rotation": 180, "texture": "#missing"},
				"up": {"uv": [0, 0, 14, 14], "texture": "#missing"},
				"down": {"uv": [1, 1, 15, 15], "texture": "#1"}
			}
		},
		{
			"from": [2, 15, 2],
			"to": [14, 16, 14],
			"rotation": {"angle": 0, "axis": "y", "origin": [8, 15, 8]},
			"faces": {
				"north": {"uv": [2, 13, 14, 14], "texture": "#1"},
				"east": {"uv": [2, 2, 3, 14], "rotation": 270, "texture": "#1"},
				"south": {"uv": [2, 2, 14, 3], "rotation": 180, "texture": "#1"},
				"west": {"uv": [13, 2, 14, 14], "rotation": 90, "texture": "#1"},
				"up": {"uv": [2, 2, 14, 14], "rotation": 180, "texture": "#1"},
				"down": {"uv": [0, 0, 12, 12], "texture": "#missing"}
			}
		},
		{
			"from": [2, 0, 2],
			"to": [14, 1, 14],
			"rotation": {"angle": 0, "axis": "x", "origin": [8, 1, 8]},
			"faces": {
				"north": {"uv": [2, 2, 14, 3], "texture": "#1"},
				"east": {"uv": [2, 2, 3, 14], "rotation": 90, "texture": "#1"},
				"south": {"uv": [2, 13, 14, 14], "rotation": 180, "texture": "#1"},
				"west": {"uv": [13, 2, 14, 14], "rotation": 270, "texture": "#1"},
				"up": {"uv": [0, 0, 12, 12], "texture": "#missing"},
				"down": {"uv": [2, 2, 14, 14], "rotation": 180, "texture": "#1"}
			}
		},
		{
			"from": [1, 13, 0],
			"to": [3, 15, 1],
			"rotation": {"angle": 0, "axis": "y", "origin": [8, 8, 0]},
			"faces": {
				"north": {"uv": [13, 1, 15, 3], "texture": "#0"},
				"east": {"uv": [13, 1, 14, 3], "texture": "#0"},
				"south": {"uv": [14, 1, 15, 2], "texture": "#0"},
				"west": {"uv": [14, 1, 15, 2], "texture": "#0"},
				"up": {"uv": [14, 1, 15, 2], "texture": "#0"},
				"down": {"uv": [13, 2, 15, 3], "texture": "#0"}
			}
		},
		{
			"from": [15, 13, 1],
			"to": [16, 15, 3],
			"rotation": {"angle": 0, "axis": "y", "origin": [16, 8, 8]},
			"faces": {
				"north": {"uv": [14, 1, 15, 2], "texture": "#0"},
				"east": {"uv": [13, 1, 15, 3], "texture": "#0"},
				"south": {"uv": [13, 1, 14, 3], "texture": "#0"},
				"west": {"uv": [14, 1, 15, 2], "texture": "#0"},
				"up": {"uv": [14, 1, 15, 2], "rotation": 90, "texture": "#0"},
				"down": {"uv": [13, 2, 15, 3], "rotation": 270, "texture": "#0"}
			}
		},
		{
			"from": [13, 13, 15],
			"to": [15, 15, 16],
			"rotation": {"angle": 0, "axis": "y", "origin": [8, 8, 16]},
			"faces": {
				"north": {"uv": [14, 1, 15, 2], "texture": "#0"},
				"east": {"uv": [14, 1, 15, 2], "texture": "#0"},
				"south": {"uv": [13, 1, 15, 3], "texture": "#0"},
				"west": {"uv": [13, 1, 14, 3], "texture": "#0"},
				"up": {"uv": [14, 1, 15, 2], "rotation": 180, "texture": "#0"},
				"down": {"uv": [13, 2, 15, 3], "rotation": 180, "texture": "#0"}
			}
		},
		{
			"from": [0, 13, 13],
			"to": [1, 15, 15],
			"rotation": {"angle": 0, "axis": "y", "origin": [0, 8, 8]},
			"faces": {
				"north": {"uv": [13, 1, 14, 3], "texture": "#0"},
				"east": {"uv": [14, 1, 15, 2], "texture": "#0"},
				"south": {"uv": [14, 1, 15, 2], "texture": "#0"},
				"west": {"uv": [13, 1, 15, 3], "texture": "#0"},
				"up": {"uv": [14, 1, 15, 2], "rotation": 270, "texture": "#0"},
				"down": {"uv": [13, 2, 15, 3], "rotation": 90, "texture": "#0"}
			}
		},
		{
			"from": [13, 13, 0],
			"to": [15, 15, 1],
			"rotation": {"angle": 0, "axis": "y", "origin": [8, 8, 0]},
			"faces": {
				"north": {"uv": [1, 1, 3, 3], "texture": "#0"},
				"east": {"uv": [1, 1, 2, 2], "texture": "#0"},
				"south": {"uv": [1, 1, 2, 2], "texture": "#0"},
				"west": {"uv": [2, 1, 3, 3], "texture": "#0"},
				"up": {"uv": [1, 1, 2, 2], "texture": "#0"},
				"down": {"uv": [1, 2, 3, 3], "texture": "#0"}
			}
		},
		{
			"from": [15, 13, 13],
			"to": [16, 15, 15],
			"rotation": {"angle": 0, "axis": "y", "origin": [16, 8, 8]},
			"faces": {
				"north": {"uv": [2, 1, 3, 3], "texture": "#0"},
				"east": {"uv": [1, 1, 3, 3], "texture": "#0"},
				"south": {"uv": [1, 1, 2, 2], "texture": "#0"},
				"west": {"uv": [1, 1, 2, 2], "texture": "#0"},
				"up": {"uv": [1, 1, 2, 2], "rotation": 90, "texture": "#0"},
				"down": {"uv": [1, 2, 3, 3], "rotation": 270, "texture": "#0"}
			}
		},
		{
			"from": [1, 13, 15],
			"to": [3, 15, 16],
			"rotation": {"angle": 0, "axis": "y", "origin": [8, 8, 16]},
			"faces": {
				"north": {"uv": [1, 1, 2, 2], "texture": "#0"},
				"east": {"uv": [2, 1, 3, 3], "texture": "#0"},
				"south": {"uv": [1, 1, 3, 3], "texture": "#0"},
				"west": {"uv": [1, 1, 2, 2], "texture": "#0"},
				"up": {"uv": [1, 1, 2, 2], "rotation": 180, "texture": "#0"},
				"down": {"uv": [1, 2, 3, 3], "rotation": 180, "texture": "#0"}
			}
		},
		{
			"from": [0, 13, 1],
			"to": [1, 15, 3],
			"rotation": {"angle": 0, "axis": "y", "origin": [0, 8, 8]},
			"faces": {
				"north": {"uv": [1, 1, 2, 2], "texture": "#0"},
				"east": {"uv": [1, 1, 2, 2], "texture": "#0"},
				"south": {"uv": [2, 1, 3, 3], "texture": "#0"},
				"west": {"uv": [1, 1, 3, 3], "texture": "#0"},
				"up": {"uv": [1, 1, 2, 2], "rotation": 270, "texture": "#0"},
				"down": {"uv": [1, 2, 3, 3], "rotation": 90, "texture": "#0"}
			}
		},
		{
			"from": [13, 1, 0],
			"to": [15, 3, 1],
			"rotation": {"angle": 0, "axis": "y", "origin": [8, 8, 0]},
			"faces": {
				"north": {"uv": [1, 13, 3, 15], "texture": "#0"},
				"east": {"uv": [1, 14, 2, 15], "texture": "#0"},
				"south": {"uv": [1, 14, 2, 15], "texture": "#0"},
				"west": {"uv": [2, 13, 3, 15], "texture": "#0"},
				"up": {"uv": [1, 13, 3, 14], "texture": "#0"},
				"down": {"uv": [1, 14, 2, 15], "texture": "#0"}
			}
		},
		{
			"from": [15, 1, 13],
			"to": [16, 3, 15],
			"rotation": {"angle": 0, "axis": "y", "origin": [16, 8, 8]},
			"faces": {
				"north": {"uv": [2, 13, 3, 15], "texture": "#0"},
				"east": {"uv": [1, 13, 3, 15], "texture": "#0"},
				"south": {"uv": [1, 14, 2, 15], "texture": "#0"},
				"west": {"uv": [1, 14, 2, 15], "texture": "#0"},
				"up": {"uv": [1, 13, 3, 14], "rotation": 90, "texture": "#0"},
				"down": {"uv": [1, 14, 2, 15], "rotation": 270, "texture": "#0"}
			}
		},
		{
			"from": [1, 1, 15],
			"to": [3, 3, 16],
			"rotation": {"angle": 0, "axis": "y", "origin": [8, 8, 16]},
			"faces": {
				"north": {"uv": [1, 14, 2, 15], "texture": "#0"},
				"east": {"uv": [2, 13, 3, 15], "texture": "#0"},
				"south": {"uv": [1, 13, 3, 15], "texture": "#0"},
				"west": {"uv": [1, 14, 2, 15], "texture": "#0"},
				"up": {"uv": [1, 13, 3, 14], "rotation": 180, "texture": "#0"},
				"down": {"uv": [1, 14, 2, 15], "rotation": 180, "texture": "#0"}
			}
		},
		{
			"from": [0, 1, 1],
			"to": [1, 3, 3],
			"rotation": {"angle": 0, "axis": "y", "origin": [0, 8, 8]},
			"faces": {
				"north": {"uv": [1, 14, 2, 15], "texture": "#0"},
				"east": {"uv": [1, 14, 2, 15], "texture": "#0"},
				"south": {"uv": [2, 13, 3, 15], "texture": "#0"},
				"west": {"uv": [1, 13, 3, 15], "texture": "#0"},
				"up": {"uv": [1, 13, 3, 14], "rotation": 270, "texture": "#0"},
				"down": {"uv": [1, 14, 2, 15], "rotation": 90, "texture": "#0"}
			}
		},
		{
			"from": [1, 1, 0],
			"to": [3, 3, 1],
			"rotation": {"angle": 0, "axis": "y", "origin": [8, 8, 0]},
			"faces": {
				"north": {"uv": [13, 13, 15, 15], "texture": "#0"},
				"east": {"uv": [13, 13, 14, 15], "texture": "#0"},
				"south": {"uv": [14, 14, 15, 15], "texture": "#0"},
				"west": {"uv": [14, 14, 15, 15], "texture": "#0"},
				"up": {"uv": [13, 13, 15, 14], "texture": "#0"},
				"down": {"uv": [14, 14, 15, 15], "texture": "#0"}
			}
		},
		{
			"from": [15, 1, 1],
			"to": [16, 3, 3],
			"rotation": {"angle": 0, "axis": "y", "origin": [16, 8, 8]},
			"faces": {
				"north": {"uv": [14, 14, 15, 15], "texture": "#0"},
				"east": {"uv": [13, 13, 15, 15], "texture": "#0"},
				"south": {"uv": [13, 13, 14, 15], "texture": "#0"},
				"west": {"uv": [14, 14, 15, 15], "texture": "#0"},
				"up": {"uv": [13, 13, 15, 14], "rotation": 90, "texture": "#0"},
				"down": {"uv": [14, 14, 15, 15], "rotation": 270, "texture": "#0"}
			}
		},
		{
			"from": [13, 1, 15],
			"to": [15, 3, 16],
			"rotation": {"angle": 0, "axis": "y", "origin": [8, 8, 16]},
			"faces": {
				"north": {"uv": [14, 14, 15, 15], "texture": "#0"},
				"east": {"uv": [14, 14, 15, 15], "texture": "#0"},
				"south": {"uv": [13, 13, 15, 15], "texture": "#0"},
				"west": {"uv": [13, 13, 14, 15], "texture": "#0"},
				"up": {"uv": [13, 13, 15, 14], "rotation": 180, "texture": "#0"},
				"down": {"uv": [14, 14, 15, 15], "rotation": 180, "texture": "#0"}
			}
		},
		{
			"from": [0, 1, 13],
			"to": [1, 3, 15],
			"rotation": {"angle": 0, "axis": "y", "origin": [0, 8, 8]},
			"faces": {
				"north": {"uv": [13, 13, 14, 15], "texture": "#0"},
				"east": {"uv": [14, 14, 15, 15], "texture": "#0"},
				"south": {"uv": [14, 14, 15, 15], "texture": "#0"},
				"west": {"uv": [13, 13, 15, 15], "texture": "#0"},
				"up": {"uv": [13, 13, 15, 14], "rotation": 270, "texture": "#0"},
				"down": {"uv": [14, 14, 15, 15], "rotation": 90, "texture": "#0"}
			}
		},
		{
			"from": [1, 1, 1],
			"to": [15, 15, 1],
			"rotation": {"angle": 0, "axis": "y", "origin": [8, 8, 0]},
			"faces": {
				"north": {"uv": [1, 1, 15, 15], "texture": "#0"},
				"east": {"uv": [0, 0, 0, 14], "texture": "#missing"},
				"south": {"uv": [0, 0, 14, 14], "texture": "#missing"},
				"west": {"uv": [0, 0, 0, 14], "texture": "#missing"},
				"up": {"uv": [0, 0, 14, 0], "texture": "#missing"},
				"down": {"uv": [0, 0, 14, 0], "texture": "#missing"}
			}
		},
		{
			"from": [15, 1, 1],
			"to": [15, 15, 15],
			"rotation": {"angle": 0, "axis": "y", "origin": [16, 8, 8]},
			"faces": {
				"north": {"uv": [0, 0, 0, 14], "texture": "#missing"},
				"east": {"uv": [1, 1, 15, 15], "texture": "#0"},
				"south": {"uv": [0, 0, 0, 14], "texture": "#missing"},
				"west": {"uv": [0, 0, 14, 14], "texture": "#missing"},
				"up": {"uv": [0, 0, 14, 0], "rotation": 90, "texture": "#missing"},
				"down": {"uv": [0, 0, 14, 0], "rotation": 270, "texture": "#missing"}
			}
		},
		{
			"from": [1, 1, 15],
			"to": [15, 15, 15],
			"rotation": {"angle": 0, "axis": "y", "origin": [8, 8, 16]},
			"faces": {
				"north": {"uv": [0, 0, 14, 14], "texture": "#missing"},
				"east": {"uv": [0, 0, 0, 14], "texture": "#missing"},
				"south": {"uv": [1, 1, 15, 15], "texture": "#0"},
				"west": {"uv": [0, 0, 0, 14], "texture": "#missing"},
				"up": {"uv": [0, 0, 14, 0], "rotation": 180, "texture": "#missing"},
				"down": {"uv": [0, 0, 14, 0], "rotation": 180, "texture": "#missing"}
			}
		},
		{
			"from": [1, 1, 1],
			"to": [1, 15, 15],
			"rotation": {"angle": 0, "axis": "y", "origin": [0, 8, 8]},
			"faces": {
				"north": {"uv": [0, 0, 0, 14], "texture": "#missing"},
				"east": {"uv": [0, 0, 14, 14], "texture": "#missing"},
				"south": {"uv": [0, 0, 0, 14], "texture": "#missing"},
				"west": {"uv": [1, 1, 15, 15], "texture": "#0"},
				"up": {"uv": [0, 0, 14, 0], "rotation": 270, "texture": "#missing"},
				"down": {"uv": [0, 0, 14, 0], "rotation": 90, "texture": "#missing"}
			}
		},
		{
			"from": [5, 2, 0.5],
			"to": [11, 3, 1],
			"rotation": {"angle": 0, "axis": "y", "origin": [8, 8, 0]},
			"faces": {
				"north": {"uv": [5, 13, 11, 14], "texture": "#0"},
				"east": {"uv": [5, 13, 6, 14], "texture": "#0"},
				"south": {"uv": [0, 0, 6, 1], "texture": "#missing"},
				"west": {"uv": [10, 13, 11, 14], "texture": "#0"},
				"up": {"uv": [5, 13, 11, 14], "texture": "#0"},
				"down": {"uv": [5, 13, 11, 14], "texture": "#0"}
			}
		},
		{
			"from": [15, 2, 5],
			"to": [15.5, 3, 11],
			"rotation": {"angle": 0, "axis": "y", "origin": [16, 8, 8]},
			"faces": {
				"north": {"uv": [10, 13, 11, 14], "texture": "#0"},
				"east": {"uv": [5, 13, 11, 14], "texture": "#0"},
				"south": {"uv": [5, 13, 6, 14], "texture": "#0"},
				"west": {"uv": [0, 0, 6, 1], "texture": "#missing"},
				"up": {"uv": [5, 13, 11, 14], "rotation": 90, "texture": "#0"},
				"down": {"uv": [5, 13, 11, 14], "rotation": 270, "texture": "#0"}
			}
		},
		{
			"from": [5, 2, 15],
			"to": [11, 3, 15.5],
			"rotation": {"angle": 0, "axis": "y", "origin": [8, 8, 16]},
			"faces": {
				"north": {"uv": [0, 0, 6, 1], "texture": "#missing"},
				"east": {"uv": [10, 13, 11, 14], "texture": "#0"},
				"south": {"uv": [5, 13, 11, 14], "texture": "#0"},
				"west": {"uv": [5, 13, 6, 14], "texture": "#0"},
				"up": {"uv": [5, 13, 11, 14], "rotation": 180, "texture": "#0"},
				"down": {"uv": [5, 13, 11, 14], "rotation": 180, "texture": "#0"}
			}
		},
		{
			"from": [0.5, 2, 5],
			"to": [1, 3, 11],
			"rotation": {"angle": 0, "axis": "y", "origin": [0, 8, 8]},
			"faces": {
				"north": {"uv": [5, 13, 6, 14], "texture": "#0"},
				"east": {"uv": [0, 0, 6, 1], "texture": "#missing"},
				"south": {"uv": [10, 13, 11, 14], "texture": "#0"},
				"west": {"uv": [5, 13, 11, 14], "texture": "#0"},
				"up": {"uv": [5, 13, 11, 14], "rotation": 270, "texture": "#0"},
				"down": {"uv": [5, 13, 11, 14], "rotation": 90, "texture": "#0"}
			}
		},
		{
			"from": [5, 13, 0.5],
			"to": [11, 14, 1],
			"rotation": {"angle": 0, "axis": "y", "origin": [8, 8, 0]},
			"faces": {
				"north": {"uv": [5, 2, 11, 3], "texture": "#0"},
				"east": {"uv": [5, 2, 6, 3], "texture": "#0"},
				"south": {"uv": [0, 0, 6, 1], "texture": "#missing"},
				"west": {"uv": [10, 2, 11, 3], "texture": "#0"},
				"up": {"uv": [5, 2, 11, 3], "rotation": 180, "texture": "#0"},
				"down": {"uv": [5, 2, 11, 3], "rotation": 180, "texture": "#0"}
			}
		},
		{
			"from": [15, 13, 5],
			"to": [15.5, 14, 11],
			"rotation": {"angle": 0, "axis": "y", "origin": [16, 8, 8]},
			"faces": {
				"north": {"uv": [10, 2, 11, 3], "texture": "#0"},
				"east": {"uv": [5, 2, 11, 3], "texture": "#0"},
				"south": {"uv": [5, 2, 6, 3], "texture": "#0"},
				"west": {"uv": [0, 0, 6, 1], "texture": "#missing"},
				"up": {"uv": [5, 2, 11, 3], "rotation": 270, "texture": "#0"},
				"down": {"uv": [5, 2, 11, 3], "rotation": 90, "texture": "#0"}
			}
		},
		{
			"from": [5, 13, 15],
			"to": [11, 14, 15.5],
			"rotation": {"angle": 0, "axis": "y", "origin": [8, 8, 16]},
			"faces": {
				"north": {"uv": [0, 0, 6, 1], "texture": "#missing"},
				"east": {"uv": [10, 2, 11, 3], "texture": "#0"},
				"south": {"uv": [5, 2, 11, 3], "texture": "#0"},
				"west": {"uv": [5, 2, 6, 3], "texture": "#0"},
				"up": {"uv": [5, 2, 11, 3], "texture": "#0"},
				"down": {"uv": [5, 2, 11, 3], "texture": "#0"}
			}
		},
		{
			"from": [0.5, 13, 5],
			"to": [1, 14, 11],
			"rotation": {"angle": 0, "axis": "y", "origin": [0, 8, 8]},
			"faces": {
				"north": {"uv": [5, 2, 6, 3], "texture": "#0"},
				"east": {"uv": [0, 0, 6, 1], "texture": "#missing"},
				"south": {"uv": [10, 2, 11, 3], "texture": "#0"},
				"west": {"uv": [5, 2, 11, 3], "texture": "#0"},
				"up": {"uv": [5, 2, 11, 3], "rotation": 90, "texture": "#0"},
				"down": {"uv": [5, 2, 11, 3], "rotation": 270, "texture": "#0"}
			}
		},
		{
			"from": [2, 5, 0.5],
			"to": [3, 11, 1],
			"rotation": {"angle": 0, "axis": "y", "origin": [8, 8, 0]},
			"faces": {
				"north": {"uv": [13, 5, 14, 11], "texture": "#0"},
				"east": {"uv": [13, 5, 14, 11], "texture": "#0"},
				"south": {"uv": [0, 0, 1, 6], "texture": "#missing"},
				"west": {"uv": [13, 5, 14, 11], "texture": "#0"},
				"up": {"uv": [13, 5, 14, 6], "texture": "#0"},
				"down": {"uv": [13, 10, 14, 11], "texture": "#0"}
			}
		},
		{
			"from": [15, 5, 2],
			"to": [15.5, 11, 3],
			"rotation": {"angle": 0, "axis": "y", "origin": [16, 8, 8]},
			"faces": {
				"north": {"uv": [13, 5, 14, 11], "texture": "#0"},
				"east": {"uv": [13, 5, 14, 11], "texture": "#0"},
				"south": {"uv": [13, 5, 14, 11], "texture": "#0"},
				"west": {"uv": [0, 0, 1, 6], "texture": "#missing"},
				"up": {"uv": [13, 5, 14, 6], "rotation": 90, "texture": "#0"},
				"down": {"uv": [13, 10, 14, 11], "rotation": 270, "texture": "#0"}
			}
		},
		{
			"from": [13, 5, 15],
			"to": [14, 11, 15.5],
			"rotation": {"angle": 0, "axis": "y", "origin": [8, 8, 16]},
			"faces": {
				"north": {"uv": [0, 0, 1, 6], "texture": "#missing"},
				"east": {"uv": [13, 5, 14, 11], "texture": "#0"},
				"south": {"uv": [13, 5, 14, 11], "texture": "#0"},
				"west": {"uv": [13, 5, 14, 11], "texture": "#0"},
				"up": {"uv": [13, 5, 14, 6], "rotation": 180, "texture": "#0"},
				"down": {"uv": [13, 10, 14, 11], "rotation": 180, "texture": "#0"}
			}
		},
		{
			"from": [0.5, 5, 13],
			"to": [1, 11, 14],
			"rotation": {"angle": 0, "axis": "y", "origin": [0, 8, 8]},
			"faces": {
				"north": {"uv": [13, 5, 14, 11], "texture": "#0"},
				"east": {"uv": [0, 0, 1, 6], "texture": "#missing"},
				"south": {"uv": [13, 5, 14, 11], "texture": "#0"},
				"west": {"uv": [13, 5, 14, 11], "texture": "#0"},
				"up": {"uv": [13, 5, 14, 6], "rotation": 270, "texture": "#0"},
				"down": {"uv": [13, 10, 14, 11], "rotation": 90, "texture": "#0"}
			}
		},
		{
			"from": [13, 5, 0.5],
			"to": [14, 11, 1],
			"rotation": {"angle": 0, "axis": "y", "origin": [8, 8, 0]},
			"faces": {
				"north": {"uv": [2, 5, 3, 11], "texture": "#0"},
				"east": {"uv": [2, 5, 3, 11], "texture": "#0"},
				"south": {"uv": [0, 0, 1, 6], "texture": "#missing"},
				"west": {"uv": [2, 5, 3, 11], "texture": "#0"},
				"up": {"uv": [2, 5, 3, 6], "texture": "#0"},
				"down": {"uv": [2, 10, 3, 11], "texture": "#0"}
			}
		},
		{
			"from": [15, 5, 13],
			"to": [15.5, 11, 14],
			"rotation": {"angle": 0, "axis": "y", "origin": [16, 8, 8]},
			"faces": {
				"north": {"uv": [2, 5, 3, 11], "texture": "#0"},
				"east": {"uv": [2, 5, 3, 11], "texture": "#0"},
				"south": {"uv": [2, 5, 3, 11], "texture": "#0"},
				"west": {"uv": [0, 0, 1, 6], "texture": "#missing"},
				"up": {"uv": [2, 5, 3, 6], "rotation": 90, "texture": "#0"},
				"down": {"uv": [2, 10, 3, 11], "rotation": 270, "texture": "#0"}
			}
		},
		{
			"from": [2, 5, 15],
			"to": [3, 11, 15.5],
			"rotation": {"angle": 0, "axis": "y", "origin": [8, 8, 16]},
			"faces": {
				"north": {"uv": [0, 0, 1, 6], "texture": "#missing"},
				"east": {"uv": [2, 5, 3, 11], "texture": "#0"},
				"south": {"uv": [2, 5, 3, 11], "texture": "#0"},
				"west": {"uv": [2, 5, 3, 11], "texture": "#0"},
				"up": {"uv": [2, 5, 3, 6], "rotation": 180, "texture": "#0"},
				"down": {"uv": [2, 10, 3, 11], "rotation": 180, "texture": "#0"}
			}
		},
		{
			"from": [0.5, 5, 2],
			"to": [1, 11, 3],
			"rotation": {"angle": 0, "axis": "y", "origin": [0, 8, 8]},
			"faces": {
				"north": {"uv": [2, 5, 3, 11], "texture": "#0"},
				"east": {"uv": [0, 0, 1, 6], "texture": "#missing"},
				"south": {"uv": [2, 5, 3, 11], "texture": "#0"},
				"west": {"uv": [2, 5, 3, 11], "texture": "#0"},
				"up": {"uv": [2, 5, 3, 6], "rotation": 270, "texture": "#0"},
				"down": {"uv": [2, 10, 3, 11], "rotation": 90, "texture": "#0"}
			}
		},
		{
			"from": [3, 4, 0.5],
			"to": [5, 6, 1],
			"rotation": {"angle": 0, "axis": "y", "origin": [8, 8, 0]},
			"faces": {
				"north": {"uv": [11, 10, 13, 12], "texture": "#0"},
				"east": {"uv": [11, 10, 12, 12], "texture": "#0"},
				"south": {"uv": [0, 0, 2, 2], "texture": "#missing"},
				"west": {"uv": [12, 10, 13, 12], "texture": "#0"},
				"up": {"uv": [11, 10, 13, 11], "texture": "#0"},
				"down": {"uv": [11, 11, 13, 12], "texture": "#0"}
			}
		},
		{
			"from": [15, 4, 3],
			"to": [15.5, 6, 5],
			"rotation": {"angle": 0, "axis": "y", "origin": [16, 8, 8]},
			"faces": {
				"north": {"uv": [12, 10, 13, 12], "texture": "#0"},
				"east": {"uv": [11, 10, 13, 12], "texture": "#0"},
				"south": {"uv": [11, 10, 12, 12], "texture": "#0"},
				"west": {"uv": [0, 0, 2, 2], "texture": "#missing"},
				"up": {"uv": [11, 10, 13, 11], "rotation": 90, "texture": "#0"},
				"down": {"uv": [11, 11, 13, 12], "rotation": 270, "texture": "#0"}
			}
		},
		{
			"from": [11, 4, 15],
			"to": [13, 6, 15.5],
			"rotation": {"angle": 0, "axis": "y", "origin": [8, 8, 16]},
			"faces": {
				"north": {"uv": [0, 0, 2, 2], "texture": "#missing"},
				"east": {"uv": [12, 10, 13, 12], "texture": "#0"},
				"south": {"uv": [11, 10, 13, 12], "texture": "#0"},
				"west": {"uv": [11, 10, 12, 12], "texture": "#0"},
				"up": {"uv": [11, 10, 13, 11], "rotation": 180, "texture": "#0"},
				"down": {"uv": [11, 11, 13, 12], "rotation": 180, "texture": "#0"}
			}
		},
		{
			"from": [0.5, 4, 11],
			"to": [1, 6, 13],
			"rotation": {"angle": 0, "axis": "y", "origin": [0, 8, 8]},
			"faces": {
				"north": {"uv": [11, 10, 12, 12], "texture": "#0"},
				"east": {"uv": [0, 0, 2, 2], "texture": "#missing"},
				"south": {"uv": [12, 10, 13, 12], "texture": "#0"},
				"west": {"uv": [11, 10, 13, 12], "texture": "#0"},
				"up": {"uv": [11, 10, 13, 11], "rotation": 270, "texture": "#0"},
				"down": {"uv": [11, 11, 13, 12], "rotation": 90, "texture": "#0"}
			}
		},
		{
			"from": [3, 10, 0.5],
			"to": [5, 12, 1],
			"rotation": {"angle": 0, "axis": "y", "origin": [8, 8, 0]},
			"faces": {
				"north": {"uv": [11, 4, 13, 6], "texture": "#0"},
				"east": {"uv": [11, 4, 12, 6], "texture": "#0"},
				"south": {"uv": [0, 0, 2, 2], "texture": "#missing"},
				"west": {"uv": [12, 4, 13, 6], "texture": "#0"},
				"up": {"uv": [11, 4, 13, 5], "texture": "#0"},
				"down": {"uv": [11, 5, 13, 6], "texture": "#0"}
			}
		},
		{
			"from": [15, 10, 3],
			"to": [15.5, 12, 5],
			"rotation": {"angle": 0, "axis": "y", "origin": [16, 8, 8]},
			"faces": {
				"north": {"uv": [12, 4, 13, 6], "texture": "#0"},
				"east": {"uv": [11, 4, 13, 6], "texture": "#0"},
				"south": {"uv": [11, 4, 12, 6], "texture": "#0"},
				"west": {"uv": [0, 0, 2, 2], "texture": "#missing"},
				"up": {"uv": [11, 4, 13, 5], "rotation": 90, "texture": "#0"},
				"down": {"uv": [11, 5, 13, 6], "rotation": 270, "texture": "#0"}
			}
		},
		{
			"from": [11, 10, 15],
			"to": [13, 12, 15.5],
			"rotation": {"angle": 0, "axis": "y", "origin": [8, 8, 16]},
			"faces": {
				"north": {"uv": [0, 0, 2, 2], "texture": "#missing"},
				"east": {"uv": [12, 4, 13, 6], "texture": "#0"},
				"south": {"uv": [11, 4, 13, 6], "texture": "#0"},
				"west": {"uv": [11, 4, 12, 6], "texture": "#0"},
				"up": {"uv": [11, 4, 13, 5], "rotation": 180, "texture": "#0"},
				"down": {"uv": [11, 5, 13, 6], "rotation": 180, "texture": "#0"}
			}
		},
		{
			"from": [0.5, 10, 11],
			"to": [1, 12, 13],
			"rotation": {"angle": 0, "axis": "y", "origin": [0, 8, 8]},
			"faces": {
				"north": {"uv": [11, 4, 12, 6], "texture": "#0"},
				"east": {"uv": [0, 0, 2, 2], "texture": "#missing"},
				"south": {"uv": [12, 4, 13, 6], "texture": "#0"},
				"west": {"uv": [11, 4, 13, 6], "texture": "#0"},
				"up": {"uv": [11, 4, 13, 5], "rotation": 270, "texture": "#0"},
				"down": {"uv": [11, 5, 13, 6], "rotation": 90, "texture": "#0"}
			}
		},
		{
			"from": [11, 10, 0.5],
			"to": [13, 12, 1],
			"rotation": {"angle": 0, "axis": "y", "origin": [8, 8, 0]},
			"faces": {
				"north": {"uv": [3, 4, 5, 6], "texture": "#0"},
				"east": {"uv": [3, 4, 4, 6], "texture": "#0"},
				"south": {"uv": [0, 0, 2, 2], "texture": "#missing"},
				"west": {"uv": [4, 4, 5, 6], "texture": "#0"},
				"up": {"uv": [3, 4, 5, 5], "texture": "#0"},
				"down": {"uv": [3, 5, 5, 6], "texture": "#0"}
			}
		},
		{
			"from": [15, 10, 11],
			"to": [15.5, 12, 13],
			"rotation": {"angle": 0, "axis": "y", "origin": [16, 8, 8]},
			"faces": {
				"north": {"uv": [4, 4, 5, 6], "texture": "#0"},
				"east": {"uv": [3, 4, 5, 6], "texture": "#0"},
				"south": {"uv": [3, 4, 4, 6], "texture": "#0"},
				"west": {"uv": [0, 0, 2, 2], "texture": "#missing"},
				"up": {"uv": [3, 4, 5, 5], "rotation": 90, "texture": "#0"},
				"down": {"uv": [3, 5, 5, 6], "rotation": 270, "texture": "#0"}
			}
		},
		{
			"from": [3, 10, 15],
			"to": [5, 12, 15.5],
			"rotation": {"angle": 0, "axis": "y", "origin": [8, 8, 16]},
			"faces": {
				"north": {"uv": [0, 0, 2, 2], "texture": "#missing"},
				"east": {"uv": [4, 4, 5, 6], "texture": "#0"},
				"south": {"uv": [3, 4, 5, 6], "texture": "#0"},
				"west": {"uv": [3, 4, 4, 6], "texture": "#0"},
				"up": {"uv": [3, 4, 5, 5], "rotation": 180, "texture": "#0"},
				"down": {"uv": [3, 5, 5, 6], "rotation": 180, "texture": "#0"}
			}
		},
		{
			"from": [0.5, 10, 3],
			"to": [1, 12, 5],
			"rotation": {"angle": 0, "axis": "y", "origin": [0, 8, 8]},
			"faces": {
				"north": {"uv": [3, 4, 4, 6], "texture": "#0"},
				"east": {"uv": [0, 0, 2, 2], "texture": "#missing"},
				"south": {"uv": [4, 4, 5, 6], "texture": "#0"},
				"west": {"uv": [3, 4, 5, 6], "texture": "#0"},
				"up": {"uv": [3, 4, 5, 5], "rotation": 270, "texture": "#0"},
				"down": {"uv": [3, 5, 5, 6], "rotation": 90, "texture": "#0"}
			}
		},
		{
			"from": [11, 4, 0.5],
			"to": [13, 6, 1],
			"rotation": {"angle": 0, "axis": "y", "origin": [8, 8, 0]},
			"faces": {
				"north": {"uv": [3, 10, 5, 12], "texture": "#0"},
				"east": {"uv": [3, 10, 4, 12], "texture": "#0"},
				"south": {"uv": [0, 0, 2, 2], "texture": "#missing"},
				"west": {"uv": [4, 10, 5, 12], "texture": "#0"},
				"up": {"uv": [3, 10, 5, 11], "texture": "#0"},
				"down": {"uv": [3, 11, 5, 12], "texture": "#0"}
			}
		},
		{
			"from": [15, 4, 11],
			"to": [15.5, 6, 13],
			"rotation": {"angle": 0, "axis": "y", "origin": [16, 8, 8]},
			"faces": {
				"north": {"uv": [4, 10, 5, 12], "texture": "#0"},
				"east": {"uv": [3, 10, 5, 12], "texture": "#0"},
				"south": {"uv": [3, 10, 4, 12], "texture": "#0"},
				"west": {"uv": [0, 0, 2, 2], "texture": "#missing"},
				"up": {"uv": [3, 10, 5, 11], "rotation": 90, "texture": "#0"},
				"down": {"uv": [3, 11, 5, 12], "rotation": 270, "texture": "#0"}
			}
		},
		{
			"from": [3, 4, 15],
			"to": [5, 6, 15.5],
			"rotation": {"angle": 0, "axis": "y", "origin": [8, 8, 16]},
			"faces": {
				"north": {"uv": [0, 0, 2, 2], "texture": "#missing"},
				"east": {"uv": [4, 10, 5, 12], "texture": "#0"},
				"south": {"uv": [3, 10, 5, 12], "texture": "#0"},
				"west": {"uv": [3, 10, 4, 12], "texture": "#0"},
				"up": {"uv": [3, 10, 5, 11], "rotation": 180, "texture": "#0"},
				"down": {"uv": [3, 11, 5, 12], "rotation": 180, "texture": "#0"}
			}
		},
		{
			"from": [0.5, 4, 3],
			"to": [1, 6, 5],
			"rotation": {"angle": 0, "axis": "y", "origin": [0, 8, 8]},
			"faces": {
				"north": {"uv": [3, 10, 4, 12], "texture": "#0"},
				"east": {"uv": [0, 0, 2, 2], "texture": "#missing"},
				"south": {"uv": [4, 10, 5, 12], "texture": "#0"},
				"west": {"uv": [3, 10, 5, 12], "texture": "#0"},
				"up": {"uv": [3, 10, 5, 11], "rotation": 270, "texture": "#0"},
				"down": {"uv": [3, 11, 5, 12], "rotation": 90, "texture": "#0"}
			}
		},
		{
			"from": [4, 3, 0.5],
			"to": [6, 4, 1],
			"rotation": {"angle": 0, "axis": "y", "origin": [8, 8, 0]},
			"faces": {
				"north": {"uv": [10, 12, 12, 13], "texture": "#0"},
				"east": {"uv": [10, 12, 11, 13], "texture": "#0"},
				"south": {"uv": [0, 0, 2, 1], "texture": "#missing"},
				"west": {"uv": [11, 12, 12, 13], "texture": "#0"},
				"up": {"uv": [0, 0, 2, 1], "texture": "#missing"},
				"down": {"uv": [10, 12, 12, 13], "texture": "#0"}
			}
		},
		{
			"from": [15, 3, 4],
			"to": [15.5, 4, 6],
			"rotation": {"angle": 0, "axis": "y", "origin": [16, 8, 8]},
			"faces": {
				"north": {"uv": [11, 12, 12, 13], "texture": "#0"},
				"east": {"uv": [10, 12, 12, 13], "texture": "#0"},
				"south": {"uv": [10, 12, 11, 13], "texture": "#0"},
				"west": {"uv": [0, 0, 2, 1], "texture": "#missing"},
				"up": {"uv": [0, 0, 2, 1], "rotation": 90, "texture": "#missing"},
				"down": {"uv": [10, 12, 12, 13], "rotation": 270, "texture": "#0"}
			}
		},
		{
			"from": [10, 3, 15],
			"to": [12, 4, 15.5],
			"rotation": {"angle": 0, "axis": "y", "origin": [8, 8, 16]},
			"faces": {
				"north": {"uv": [0, 0, 2, 1], "texture": "#missing"},
				"east": {"uv": [11, 12, 12, 13], "texture": "#0"},
				"south": {"uv": [10, 12, 12, 13], "texture": "#0"},
				"west": {"uv": [10, 12, 11, 13], "texture": "#0"},
				"up": {"uv": [0, 0, 2, 1], "rotation": 180, "texture": "#missing"},
				"down": {"uv": [10, 12, 12, 13], "rotation": 180, "texture": "#0"}
			}
		},
		{
			"from": [0.5, 3, 10],
			"to": [1, 4, 12],
			"rotation": {"angle": 0, "axis": "y", "origin": [0, 8, 8]},
			"faces": {
				"north": {"uv": [10, 12, 11, 13], "texture": "#0"},
				"east": {"uv": [0, 0, 2, 1], "texture": "#missing"},
				"south": {"uv": [11, 12, 12, 13], "texture": "#0"},
				"west": {"uv": [10, 12, 12, 13], "texture": "#0"},
				"up": {"uv": [0, 0, 2, 1], "rotation": 270, "texture": "#missing"},
				"down": {"uv": [10, 12, 12, 13], "rotation": 90, "texture": "#0"}
			}
		},
		{
			"from": [10, 3, 0.5],
			"to": [12, 4, 1],
			"rotation": {"angle": 0, "axis": "y", "origin": [8, 8, 0]},
			"faces": {
				"north": {"uv": [4, 12, 6, 13], "texture": "#0"},
				"east": {"uv": [4, 12, 5, 13], "texture": "#0"},
				"south": {"uv": [0, 0, 2, 1], "texture": "#missing"},
				"west": {"uv": [5, 12, 6, 13], "texture": "#0"},
				"up": {"uv": [0, 0, 2, 1], "texture": "#missing"},
				"down": {"uv": [4, 12, 6, 13], "texture": "#0"}
			}
		},
		{
			"from": [15, 3, 10],
			"to": [15.5, 4, 12],
			"rotation": {"angle": 0, "axis": "y", "origin": [16, 8, 8]},
			"faces": {
				"north": {"uv": [5, 12, 6, 13], "texture": "#0"},
				"east": {"uv": [4, 12, 6, 13], "texture": "#0"},
				"south": {"uv": [4, 12, 5, 13], "texture": "#0"},
				"west": {"uv": [0, 0, 2, 1], "texture": "#missing"},
				"up": {"uv": [0, 0, 2, 1], "rotation": 90, "texture": "#missing"},
				"down": {"uv": [4, 12, 6, 13], "rotation": 270, "texture": "#0"}
			}
		},
		{
			"from": [4, 3, 15],
			"to": [6, 4, 15.5],
			"rotation": {"angle": 0, "axis": "y", "origin": [8, 8, 16]},
			"faces": {
				"north": {"uv": [0, 0, 2, 1], "texture": "#missing"},
				"east": {"uv": [5, 12, 6, 13], "texture": "#0"},
				"south": {"uv": [4, 12, 6, 13], "texture": "#0"},
				"west": {"uv": [4, 12, 5, 13], "texture": "#0"},
				"up": {"uv": [0, 0, 2, 1], "rotation": 180, "texture": "#missing"},
				"down": {"uv": [4, 12, 6, 13], "rotation": 180, "texture": "#0"}
			}
		},
		{
			"from": [0.5, 3, 4],
			"to": [1, 4, 6],
			"rotation": {"angle": 0, "axis": "y", "origin": [0, 8, 8]},
			"faces": {
				"north": {"uv": [4, 12, 5, 13], "texture": "#0"},
				"east": {"uv": [0, 0, 2, 1], "texture": "#missing"},
				"south": {"uv": [5, 12, 6, 13], "texture": "#0"},
				"west": {"uv": [4, 12, 6, 13], "texture": "#0"},
				"up": {"uv": [0, 0, 2, 1], "rotation": 270, "texture": "#missing"},
				"down": {"uv": [4, 12, 6, 13], "rotation": 90, "texture": "#0"}
			}
		},
		{
			"from": [10, 12, 0.5],
			"to": [12, 13, 1],
			"rotation": {"angle": 0, "axis": "y", "origin": [8, 8, 0]},
			"faces": {
				"north": {"uv": [4, 3, 6, 4], "texture": "#0"},
				"east": {"uv": [4, 3, 5, 4], "texture": "#0"},
				"south": {"uv": [0, 0, 2, 1], "texture": "#missing"},
				"west": {"uv": [5, 3, 6, 4], "texture": "#0"},
				"up": {"uv": [4, 3, 6, 4], "texture": "#0"},
				"down": {"uv": [0, 0, 2, 1], "texture": "#missing"}
			}
		},
		{
			"from": [15, 12, 10],
			"to": [15.5, 13, 12],
			"rotation": {"angle": 0, "axis": "y", "origin": [16, 8, 8]},
			"faces": {
				"north": {"uv": [5, 3, 6, 4], "texture": "#0"},
				"east": {"uv": [4, 3, 6, 4], "texture": "#0"},
				"south": {"uv": [4, 3, 5, 4], "texture": "#0"},
				"west": {"uv": [0, 0, 2, 1], "texture": "#missing"},
				"up": {"uv": [4, 3, 6, 4], "rotation": 90, "texture": "#0"},
				"down": {"uv": [0, 0, 2, 1], "rotation": 270, "texture": "#missing"}
			}
		},
		{
			"from": [4, 12, 15],
			"to": [6, 13, 15.5],
			"rotation": {"angle": 0, "axis": "y", "origin": [8, 8, 16]},
			"faces": {
				"north": {"uv": [0, 0, 2, 1], "texture": "#missing"},
				"east": {"uv": [5, 3, 6, 4], "texture": "#0"},
				"south": {"uv": [4, 3, 6, 4], "texture": "#0"},
				"west": {"uv": [4, 3, 5, 4], "texture": "#0"},
				"up": {"uv": [4, 3, 6, 4], "rotation": 180, "texture": "#0"},
				"down": {"uv": [0, 0, 2, 1], "rotation": 180, "texture": "#missing"}
			}
		},
		{
			"from": [0.5, 12, 4],
			"to": [1, 13, 6],
			"rotation": {"angle": 0, "axis": "y", "origin": [0, 8, 8]},
			"faces": {
				"north": {"uv": [4, 3, 5, 4], "texture": "#0"},
				"east": {"uv": [0, 0, 2, 1], "texture": "#missing"},
				"south": {"uv": [5, 3, 6, 4], "texture": "#0"},
				"west": {"uv": [4, 3, 6, 4], "texture": "#0"},
				"up": {"uv": [4, 3, 6, 4], "rotation": 270, "texture": "#0"},
				"down": {"uv": [0, 0, 2, 1], "rotation": 90, "texture": "#missing"}
			}
		},
		{
			"from": [4, 12, 0.5],
			"to": [6, 13, 1],
			"rotation": {"angle": 0, "axis": "y", "origin": [8, 8, 0]},
			"faces": {
				"north": {"uv": [10, 3, 12, 4], "texture": "#0"},
				"east": {"uv": [10, 3, 11, 4], "texture": "#0"},
				"south": {"uv": [0, 0, 2, 1], "texture": "#missing"},
				"west": {"uv": [11, 3, 12, 4], "texture": "#0"},
				"up": {"uv": [10, 3, 12, 4], "texture": "#0"},
				"down": {"uv": [0, 0, 2, 1], "texture": "#missing"}
			}
		},
		{
			"from": [15, 12, 4],
			"to": [15.5, 13, 6],
			"rotation": {"angle": 0, "axis": "y", "origin": [16, 8, 8]},
			"faces": {
				"north": {"uv": [11, 3, 12, 4], "texture": "#0"},
				"east": {"uv": [10, 3, 12, 4], "texture": "#0"},
				"south": {"uv": [10, 3, 11, 4], "texture": "#0"},
				"west": {"uv": [0, 0, 2, 1], "texture": "#missing"},
				"up": {"uv": [10, 3, 12, 4], "rotation": 90, "texture": "#0"},
				"down": {"uv": [0, 0, 2, 1], "rotation": 270, "texture": "#missing"}
			}
		},
		{
			"from": [10, 12, 15],
			"to": [12, 13, 15.5],
			"rotation": {"angle": 0, "axis": "y", "origin": [8, 8, 16]},
			"faces": {
				"north": {"uv": [0, 0, 2, 1], "texture": "#missing"},
				"east": {"uv": [11, 3, 12, 4], "texture": "#0"},
				"south": {"uv": [10, 3, 12, 4], "texture": "#0"},
				"west": {"uv": [10, 3, 11, 4], "texture": "#0"},
				"up": {"uv": [10, 3, 12, 4], "rotation": 180, "texture": "#0"},
				"down": {"uv": [0, 0, 2, 1], "rotation": 180, "texture": "#missing"}
			}
		},
		{
			"from": [0.5, 12, 10],
			"to": [1, 13, 12],
			"rotation": {"angle": 0, "axis": "y", "origin": [0, 8, 8]},
			"faces": {
				"north": {"uv": [10, 3, 11, 4], "texture": "#0"},
				"east": {"uv": [0, 0, 2, 1], "texture": "#missing"},
				"south": {"uv": [11, 3, 12, 4], "texture": "#0"},
				"west": {"uv": [10, 3, 12, 4], "texture": "#0"},
				"up": {"uv": [10, 3, 12, 4], "rotation": 270, "texture": "#0"},
				"down": {"uv": [0, 0, 2, 1], "rotation": 90, "texture": "#missing"}
			}
		},
		{
			"from": [5, 11, 0.5],
			"to": [6, 12, 1],
			"rotation": {"angle": 0, "axis": "y", "origin": [8, 8, 0]},
			"faces": {
				"north": {"uv": [10, 4, 11, 5], "texture": "#0"},
				"east": {"uv": [10, 4, 11, 5], "texture": "#0"},
				"south": {"uv": [10, 4, 11, 5], "texture": "#0"},
				"west": {"uv": [10, 4, 11, 5], "texture": "#0"},
				"up": {"uv": [10, 4, 11, 5], "texture": "#0"},
				"down": {"uv": [10, 4, 11, 5], "texture": "#0"}
			}
		},
		{
			"from": [15, 11, 5],
			"to": [15.5, 12, 6],
			"rotation": {"angle": 0, "axis": "y", "origin": [16, 8, 8]},
			"faces": {
				"north": {"uv": [10, 4, 11, 5], "texture": "#0"},
				"east": {"uv": [10, 4, 11, 5], "texture": "#0"},
				"south": {"uv": [10, 4, 11, 5], "texture": "#0"},
				"west": {"uv": [10, 4, 11, 5], "texture": "#0"},
				"up": {"uv": [10, 4, 11, 5], "rotation": 90, "texture": "#0"},
				"down": {"uv": [10, 4, 11, 5], "rotation": 270, "texture": "#0"}
			}
		},
		{
			"from": [10, 11, 15],
			"to": [11, 12, 15.5],
			"rotation": {"angle": 0, "axis": "y", "origin": [8, 8, 16]},
			"faces": {
				"north": {"uv": [10, 4, 11, 5], "texture": "#0"},
				"east": {"uv": [10, 4, 11, 5], "texture": "#0"},
				"south": {"uv": [10, 4, 11, 5], "texture": "#0"},
				"west": {"uv": [10, 4, 11, 5], "texture": "#0"},
				"up": {"uv": [10, 4, 11, 5], "rotation": 180, "texture": "#0"},
				"down": {"uv": [10, 4, 11, 5], "rotation": 180, "texture": "#0"}
			}
		},
		{
			"from": [0.5, 11, 10],
			"to": [1, 12, 11],
			"rotation": {"angle": 0, "axis": "y", "origin": [0, 8, 8]},
			"faces": {
				"north": {"uv": [10, 4, 11, 5], "texture": "#0"},
				"east": {"uv": [10, 4, 11, 5], "texture": "#0"},
				"south": {"uv": [10, 4, 11, 5], "texture": "#0"},
				"west": {"uv": [10, 4, 11, 5], "texture": "#0"},
				"up": {"uv": [10, 4, 11, 5], "rotation": 270, "texture": "#0"},
				"down": {"uv": [10, 4, 11, 5], "rotation": 90, "texture": "#0"}
			}
		},
		{
			"from": [10, 11, 0.5],
			"to": [11, 12, 1],
			"rotation": {"angle": 0, "axis": "y", "origin": [8, 8, 0]},
			"faces": {
				"north": {"uv": [5, 4, 6, 5], "texture": "#0"},
				"east": {"uv": [5, 4, 6, 5], "texture": "#0"},
				"south": {"uv": [5, 4, 6, 5], "texture": "#0"},
				"west": {"uv": [5, 4, 6, 5], "texture": "#0"},
				"up": {"uv": [5, 4, 6, 5], "texture": "#0"},
				"down": {"uv": [5, 4, 6, 5], "texture": "#0"}
			}
		},
		{
			"from": [15, 11, 10],
			"to": [15.5, 12, 11],
			"rotation": {"angle": 0, "axis": "y", "origin": [16, 8, 8]},
			"faces": {
				"north": {"uv": [5, 4, 6, 5], "texture": "#0"},
				"east": {"uv": [5, 4, 6, 5], "texture": "#0"},
				"south": {"uv": [5, 4, 6, 5], "texture": "#0"},
				"west": {"uv": [5, 4, 6, 5], "texture": "#0"},
				"up": {"uv": [5, 4, 6, 5], "rotation": 90, "texture": "#0"},
				"down": {"uv": [5, 4, 6, 5], "rotation": 270, "texture": "#0"}
			}
		},
		{
			"from": [5, 11, 15],
			"to": [6, 12, 15.5],
			"rotation": {"angle": 0, "axis": "y", "origin": [8, 8, 16]},
			"faces": {
				"north": {"uv": [5, 4, 6, 5], "texture": "#0"},
				"east": {"uv": [5, 4, 6, 5], "texture": "#0"},
				"south": {"uv": [5, 4, 6, 5], "texture": "#0"},
				"west": {"uv": [5, 4, 6, 5], "texture": "#0"},
				"up": {"uv": [5, 4, 6, 5], "rotation": 180, "texture": "#0"},
				"down": {"uv": [5, 4, 6, 5], "rotation": 180, "texture": "#0"}
			}
		},
		{
			"from": [0.5, 11, 5],
			"to": [1, 12, 6],
			"rotation": {"angle": 0, "axis": "y", "origin": [0, 8, 8]},
			"faces": {
				"north": {"uv": [5, 4, 6, 5], "texture": "#0"},
				"east": {"uv": [5, 4, 6, 5], "texture": "#0"},
				"south": {"uv": [5, 4, 6, 5], "texture": "#0"},
				"west": {"uv": [5, 4, 6, 5], "texture": "#0"},
				"up": {"uv": [5, 4, 6, 5], "rotation": 270, "texture": "#0"},
				"down": {"uv": [5, 4, 6, 5], "rotation": 90, "texture": "#0"}
			}
		},
		{
			"from": [10, 4, 0.5],
			"to": [11, 5, 1],
			"rotation": {"angle": 0, "axis": "y", "origin": [8, 8, 0]},
			"faces": {
				"north": {"uv": [5, 11, 6, 12], "texture": "#0"},
				"east": {"uv": [5, 11, 6, 12], "texture": "#0"},
				"south": {"uv": [5, 11, 6, 12], "texture": "#0"},
				"west": {"uv": [5, 11, 6, 12], "texture": "#0"},
				"up": {"uv": [5, 11, 6, 12], "texture": "#0"},
				"down": {"uv": [5, 11, 6, 12], "texture": "#0"}
			}
		},
		{
			"from": [15, 4, 10],
			"to": [15.5, 5, 11],
			"rotation": {"angle": 0, "axis": "y", "origin": [16, 8, 8]},
			"faces": {
				"north": {"uv": [5, 11, 6, 12], "texture": "#0"},
				"east": {"uv": [5, 11, 6, 12], "texture": "#0"},
				"south": {"uv": [5, 11, 6, 12], "texture": "#0"},
				"west": {"uv": [5, 11, 6, 12], "texture": "#0"},
				"up": {"uv": [5, 11, 6, 12], "rotation": 90, "texture": "#0"},
				"down": {"uv": [5, 11, 6, 12], "rotation": 270, "texture": "#0"}
			}
		},
		{
			"from": [5, 4, 15],
			"to": [6, 5, 15.5],
			"rotation": {"angle": 0, "axis": "y", "origin": [8, 8, 16]},
			"faces": {
				"north": {"uv": [5, 11, 6, 12], "texture": "#0"},
				"east": {"uv": [5, 11, 6, 12], "texture": "#0"},
				"south": {"uv": [5, 11, 6, 12], "texture": "#0"},
				"west": {"uv": [5, 11, 6, 12], "texture": "#0"},
				"up": {"uv": [5, 11, 6, 12], "rotation": 180, "texture": "#0"},
				"down": {"uv": [5, 11, 6, 12], "rotation": 180, "texture": "#0"}
			}
		},
		{
			"from": [0.5, 4, 5],
			"to": [1, 5, 6],
			"rotation": {"angle": 0, "axis": "y", "origin": [0, 8, 8]},
			"faces": {
				"north": {"uv": [5, 11, 6, 12], "texture": "#0"},
				"east": {"uv": [5, 11, 6, 12], "texture": "#0"},
				"south": {"uv": [5, 11, 6, 12], "texture": "#0"},
				"west": {"uv": [5, 11, 6, 12], "texture": "#0"},
				"up": {"uv": [5, 11, 6, 12], "rotation": 270, "texture": "#0"},
				"down": {"uv": [5, 11, 6, 12], "rotation": 90, "texture": "#0"}
			}
		},
		{
			"from": [5, 4, 0.5],
			"to": [6, 5, 1],
			"rotation": {"angle": 0, "axis": "y", "origin": [8, 8, 0]},
			"faces": {
				"north": {"uv": [10, 11, 11, 12], "texture": "#0"},
				"east": {"uv": [10, 11, 11, 12], "texture": "#0"},
				"south": {"uv": [10, 11, 11, 12], "texture": "#0"},
				"west": {"uv": [10, 11, 11, 12], "texture": "#0"},
				"up": {"uv": [10, 11, 11, 12], "texture": "#0"},
				"down": {"uv": [10, 11, 11, 12], "texture": "#0"}
			}
		},
		{
			"from": [15, 4, 5],
			"to": [15.5, 5, 6],
			"rotation": {"angle": 0, "axis": "y", "origin": [16, 8, 8]},
			"faces": {
				"north": {"uv": [10, 11, 11, 12], "texture": "#0"},
				"east": {"uv": [10, 11, 11, 12], "texture": "#0"},
				"south": {"uv": [10, 11, 11, 12], "texture": "#0"},
				"west": {"uv": [10, 11, 11, 12], "texture": "#0"},
				"up": {"uv": [10, 11, 11, 12], "rotation": 90, "texture": "#0"},
				"down": {"uv": [10, 11, 11, 12], "rotation": 270, "texture": "#0"}
			}
		},
		{
			"from": [10, 4, 15],
			"to": [11, 5, 15.5],
			"rotation": {"angle": 0, "axis": "y", "origin": [8, 8, 16]},
			"faces": {
				"north": {"uv": [10, 11, 11, 12], "texture": "#0"},
				"east": {"uv": [10, 11, 11, 12], "texture": "#0"},
				"south": {"uv": [10, 11, 11, 12], "texture": "#0"},
				"west": {"uv": [10, 11, 11, 12], "texture": "#0"},
				"up": {"uv": [10, 11, 11, 12], "rotation": 180, "texture": "#0"},
				"down": {"uv": [10, 11, 11, 12], "rotation": 180, "texture": "#0"}
			}
		},
		{
			"from": [0.5, 4, 10],
			"to": [1, 5, 11],
			"rotation": {"angle": 0, "axis": "y", "origin": [0, 8, 8]},
			"faces": {
				"north": {"uv": [10, 11, 11, 12], "texture": "#0"},
				"east": {"uv": [10, 11, 11, 12], "texture": "#0"},
				"south": {"uv": [10, 11, 11, 12], "texture": "#0"},
				"west": {"uv": [10, 11, 11, 12], "texture": "#0"},
				"up": {"uv": [10, 11, 11, 12], "rotation": 270, "texture": "#0"},
				"down": {"uv": [10, 11, 11, 12], "rotation": 90, "texture": "#0"}
			}
		},
		{
			"from": [7, 4, 0],
			"to": [9, 6, 1],
			"rotation": {"angle": 0, "axis": "y", "origin": [8, 8, 0]},
			"faces": {
				"north": {"uv": [7, 10, 9, 12], "texture": "#0"},
				"east": {"uv": [7, 10, 8, 12], "texture": "#0"},
				"south": {"uv": [0, 0, 2, 2], "texture": "#missing"},
				"west": {"uv": [8, 10, 9, 12], "texture": "#0"},
				"up": {"uv": [7, 10, 9, 11], "texture": "#0"},
				"down": {"uv": [7, 11, 9, 12], "texture": "#0"}
			}
		},
		{
			"from": [15, 4, 7],
			"to": [16, 6, 9],
			"rotation": {"angle": 0, "axis": "y", "origin": [16, 8, 8]},
			"faces": {
				"north": {"uv": [8, 10, 9, 12], "texture": "#0"},
				"east": {"uv": [7, 10, 9, 12], "texture": "#0"},
				"south": {"uv": [7, 10, 8, 12], "texture": "#0"},
				"west": {"uv": [0, 0, 2, 2], "texture": "#missing"},
				"up": {"uv": [7, 10, 9, 11], "rotation": 90, "texture": "#0"},
				"down": {"uv": [7, 11, 9, 12], "rotation": 270, "texture": "#0"}
			}
		},
		{
			"from": [7, 4, 15],
			"to": [9, 6, 16],
			"rotation": {"angle": 0, "axis": "y", "origin": [8, 8, 16]},
			"faces": {
				"north": {"uv": [0, 0, 2, 2], "texture": "#missing"},
				"east": {"uv": [8, 10, 9, 12], "texture": "#0"},
				"south": {"uv": [7, 10, 9, 12], "texture": "#0"},
				"west": {"uv": [7, 10, 8, 12], "texture": "#0"},
				"up": {"uv": [7, 10, 9, 11], "rotation": 180, "texture": "#0"},
				"down": {"uv": [7, 11, 9, 12], "rotation": 180, "texture": "#0"}
			}
		},
		{
			"from": [0, 4, 7],
			"to": [1, 6, 9],
			"rotation": {"angle": 0, "axis": "y", "origin": [0, 8, 8]},
			"faces": {
				"north": {"uv": [7, 10, 8, 12], "texture": "#0"},
				"east": {"uv": [0, 0, 2, 2], "texture": "#missing"},
				"south": {"uv": [8, 10, 9, 12], "texture": "#0"},
				"west": {"uv": [7, 10, 9, 12], "texture": "#0"},
				"up": {"uv": [7, 10, 9, 11], "rotation": 270, "texture": "#0"},
				"down": {"uv": [7, 11, 9, 12], "rotation": 90, "texture": "#0"}
			}
		},
		{
			"from": [7, 10, 0],
			"to": [9, 12, 1],
			"rotation": {"angle": 0, "axis": "y", "origin": [8, 8, 0]},
			"faces": {
				"north": {"uv": [7, 4, 9, 6], "texture": "#0"},
				"east": {"uv": [7, 4, 8, 6], "texture": "#0"},
				"south": {"uv": [0, 0, 2, 2], "texture": "#missing"},
				"west": {"uv": [8, 4, 9, 6], "texture": "#0"},
				"up": {"uv": [7, 4, 9, 5], "texture": "#0"},
				"down": {"uv": [7, 5, 9, 6], "texture": "#0"}
			}
		},
		{
			"from": [15, 10, 7],
			"to": [16, 12, 9],
			"rotation": {"angle": 0, "axis": "y", "origin": [16, 8, 8]},
			"faces": {
				"north": {"uv": [8, 4, 9, 6], "texture": "#0"},
				"east": {"uv": [7, 4, 9, 6], "texture": "#0"},
				"south": {"uv": [7, 4, 8, 6], "texture": "#0"},
				"west": {"uv": [0, 0, 2, 2], "texture": "#missing"},
				"up": {"uv": [7, 4, 9, 5], "rotation": 90, "texture": "#0"},
				"down": {"uv": [7, 5, 9, 6], "rotation": 270, "texture": "#0"}
			}
		},
		{
			"from": [7, 10, 15],
			"to": [9, 12, 16],
			"rotation": {"angle": 0, "axis": "y", "origin": [8, 8, 16]},
			"faces": {
				"north": {"uv": [0, 0, 2, 2], "texture": "#missing"},
				"east": {"uv": [8, 4, 9, 6], "texture": "#0"},
				"south": {"uv": [7, 4, 9, 6], "texture": "#0"},
				"west": {"uv": [7, 4, 8, 6], "texture": "#0"},
				"up": {"uv": [7, 4, 9, 5], "rotation": 180, "texture": "#0"},
				"down": {"uv": [7, 5, 9, 6], "rotation": 180, "texture": "#0"}
			}
		},
		{
			"from": [0, 10, 7],
			"to": [1, 12, 9],
			"rotation": {"angle": 0, "axis": "y", "origin": [0, 8, 8]},
			"faces": {
				"north": {"uv": [7, 4, 8, 6], "texture": "#0"},
				"east": {"uv": [0, 0, 2, 2], "texture": "#missing"},
				"south": {"uv": [8, 4, 9, 6], "texture": "#0"},
				"west": {"uv": [7, 4, 9, 6], "texture": "#0"},
				"up": {"uv": [7, 4, 9, 5], "rotation": 270, "texture": "#0"},
				"down": {"uv": [7, 5, 9, 6], "rotation": 90, "texture": "#0"}
			}
		},
		{
			"from": [10, 7, 0],
			"to": [12, 9, 1],
			"rotation": {"angle": 0, "axis": "y", "origin": [8, 8, 0]},
			"faces": {
				"north": {"uv": [4, 7, 6, 9], "texture": "#0"},
				"east": {"uv": [4, 7, 5, 9], "texture": "#0"},
				"south": {"uv": [0, 0, 2, 2], "texture": "#missing"},
				"west": {"uv": [5, 7, 6, 9], "texture": "#0"},
				"up": {"uv": [4, 7, 6, 8], "texture": "#0"},
				"down": {"uv": [4, 8, 6, 9], "texture": "#0"}
			}
		},
		{
			"from": [15, 7, 10],
			"to": [16, 9, 12],
			"rotation": {"angle": 0, "axis": "y", "origin": [16, 8, 8]},
			"faces": {
				"north": {"uv": [5, 7, 6, 9], "texture": "#0"},
				"east": {"uv": [4, 7, 6, 9], "texture": "#0"},
				"south": {"uv": [4, 7, 5, 9], "texture": "#0"},
				"west": {"uv": [0, 0, 2, 2], "texture": "#missing"},
				"up": {"uv": [4, 7, 6, 8], "rotation": 90, "texture": "#0"},
				"down": {"uv": [4, 8, 6, 9], "rotation": 270, "texture": "#0"}
			}
		},
		{
			"from": [4, 7, 15],
			"to": [6, 9, 16],
			"rotation": {"angle": 0, "axis": "y", "origin": [8, 8, 16]},
			"faces": {
				"north": {"uv": [0, 0, 2, 2], "texture": "#missing"},
				"east": {"uv": [5, 7, 6, 9], "texture": "#0"},
				"south": {"uv": [4, 7, 6, 9], "texture": "#0"},
				"west": {"uv": [4, 7, 5, 9], "texture": "#0"},
				"up": {"uv": [4, 7, 6, 8], "rotation": 180, "texture": "#0"},
				"down": {"uv": [4, 8, 6, 9], "rotation": 180, "texture": "#0"}
			}
		},
		{
			"from": [0, 7, 4],
			"to": [1, 9, 6],
			"rotation": {"angle": 0, "axis": "y", "origin": [0, 8, 8]},
			"faces": {
				"north": {"uv": [4, 7, 5, 9], "texture": "#0"},
				"east": {"uv": [0, 0, 2, 2], "texture": "#missing"},
				"south": {"uv": [5, 7, 6, 9], "texture": "#0"},
				"west": {"uv": [4, 7, 6, 9], "texture": "#0"},
				"up": {"uv": [4, 7, 6, 8], "rotation": 270, "texture": "#0"},
				"down": {"uv": [4, 8, 6, 9], "rotation": 90, "texture": "#0"}
			}
		},
		{
			"from": [4, 7, 0],
			"to": [6, 9, 1],
			"rotation": {"angle": 0, "axis": "y", "origin": [8, 8, 0]},
			"faces": {
				"north": {"uv": [10, 7, 12, 9], "texture": "#0"},
				"east": {"uv": [10, 7, 11, 9], "texture": "#0"},
				"south": {"uv": [0, 0, 2, 2], "texture": "#missing"},
				"west": {"uv": [11, 7, 12, 9], "texture": "#0"},
				"up": {"uv": [10, 7, 12, 8], "texture": "#0"},
				"down": {"uv": [10, 8, 12, 9], "texture": "#0"}
			}
		},
		{
			"from": [15, 7, 4],
			"to": [16, 9, 6],
			"rotation": {"angle": 0, "axis": "y", "origin": [16, 8, 8]},
			"faces": {
				"north": {"uv": [11, 7, 12, 9], "texture": "#0"},
				"east": {"uv": [10, 7, 12, 9], "texture": "#0"},
				"south": {"uv": [10, 7, 11, 9], "texture": "#0"},
				"west": {"uv": [0, 0, 2, 2], "texture": "#missing"},
				"up": {"uv": [10, 7, 12, 8], "rotation": 90, "texture": "#0"},
				"down": {"uv": [10, 8, 12, 9], "rotation": 270, "texture": "#0"}
			}
		},
		{
			"from": [10, 7, 15],
			"to": [12, 9, 16],
			"rotation": {"angle": 0, "axis": "y", "origin": [8, 8, 16]},
			"faces": {
				"north": {"uv": [0, 0, 2, 2], "texture": "#missing"},
				"east": {"uv": [11, 7, 12, 9], "texture": "#0"},
				"south": {"uv": [10, 7, 12, 9], "texture": "#0"},
				"west": {"uv": [10, 7, 11, 9], "texture": "#0"},
				"up": {"uv": [10, 7, 12, 8], "rotation": 180, "texture": "#0"},
				"down": {"uv": [10, 8, 12, 9], "rotation": 180, "texture": "#0"}
			}
		},
		{
			"from": [0, 7, 10],
			"to": [1, 9, 12],
			"rotation": {"angle": 0, "axis": "y", "origin": [0, 8, 8]},
			"faces": {
				"north": {"uv": [10, 7, 11, 9], "texture": "#0"},
				"east": {"uv": [0, 0, 2, 2], "texture": "#missing"},
				"south": {"uv": [11, 7, 12, 9], "texture": "#0"},
				"west": {"uv": [10, 7, 12, 9], "texture": "#0"},
				"up": {"uv": [10, 7, 12, 8], "rotation": 270, "texture": "#0"},
				"down": {"uv": [10, 8, 12, 9], "rotation": 90, "texture": "#0"}
			}
		},
		{
			"from": [6, 5, 0],
			"to": [7, 6, 1],
			"rotation": {"angle": 0, "axis": "y", "origin": [8, 8, 0]},
			"faces": {
				"north": {"uv": [9, 10, 10, 11], "texture": "#0"},
				"east": {"uv": [9, 10, 10, 11], "texture": "#0"},
				"south": {"uv": [9, 10, 10, 11], "texture": "#0"},
				"west": {"uv": [9, 10, 10, 11], "texture": "#0"},
				"up": {"uv": [9, 10, 10, 11], "texture": "#0"},
				"down": {"uv": [9, 10, 10, 11], "texture": "#0"}
			}
		},
		{
			"from": [15, 5, 6],
			"to": [16, 6, 7],
			"rotation": {"angle": 0, "axis": "y", "origin": [16, 8, 8]},
			"faces": {
				"north": {"uv": [9, 10, 10, 11], "texture": "#0"},
				"east": {"uv": [9, 10, 10, 11], "texture": "#0"},
				"south": {"uv": [9, 10, 10, 11], "texture": "#0"},
				"west": {"uv": [9, 10, 10, 11], "texture": "#0"},
				"up": {"uv": [9, 10, 10, 11], "rotation": 90, "texture": "#0"},
				"down": {"uv": [9, 10, 10, 11], "rotation": 270, "texture": "#0"}
			}
		},
		{
			"from": [9, 5, 15],
			"to": [10, 6, 16],
			"rotation": {"angle": 0, "axis": "y", "origin": [8, 8, 16]},
			"faces": {
				"north": {"uv": [9, 10, 10, 11], "texture": "#0"},
				"east": {"uv": [9, 10, 10, 11], "texture": "#0"},
				"south": {"uv": [9, 10, 10, 11], "texture": "#0"},
				"west": {"uv": [9, 10, 10, 11], "texture": "#0"},
				"up": {"uv": [9, 10, 10, 11], "rotation": 180, "texture": "#0"},
				"down": {"uv": [9, 10, 10, 11], "rotation": 180, "texture": "#0"}
			}
		},
		{
			"from": [0, 5, 9],
			"to": [1, 6, 10],
			"rotation": {"angle": 0, "axis": "y", "origin": [0, 8, 8]},
			"faces": {
				"north": {"uv": [9, 10, 10, 11], "texture": "#0"},
				"east": {"uv": [9, 10, 10, 11], "texture": "#0"},
				"south": {"uv": [9, 10, 10, 11], "texture": "#0"},
				"west": {"uv": [9, 10, 10, 11], "texture": "#0"},
				"up": {"uv": [9, 10, 10, 11], "rotation": 270, "texture": "#0"},
				"down": {"uv": [9, 10, 10, 11], "rotation": 90, "texture": "#0"}
			}
		},
		{
			"from": [9, 5, 0],
			"to": [10, 6, 1],
			"rotation": {"angle": 0, "axis": "y", "origin": [8, 8, 0]},
			"faces": {
				"north": {"uv": [6, 10, 7, 11], "texture": "#0"},
				"east": {"uv": [6, 10, 7, 11], "texture": "#0"},
				"south": {"uv": [6, 10, 7, 11], "texture": "#0"},
				"west": {"uv": [6, 10, 7, 11], "texture": "#0"},
				"up": {"uv": [6, 10, 7, 11], "texture": "#0"},
				"down": {"uv": [6, 10, 7, 11], "texture": "#0"}
			}
		},
		{
			"from": [15, 5, 9],
			"to": [16, 6, 10],
			"rotation": {"angle": 0, "axis": "y", "origin": [16, 8, 8]},
			"faces": {
				"north": {"uv": [6, 10, 7, 11], "texture": "#0"},
				"east": {"uv": [6, 10, 7, 11], "texture": "#0"},
				"south": {"uv": [6, 10, 7, 11], "texture": "#0"},
				"west": {"uv": [6, 10, 7, 11], "texture": "#0"},
				"up": {"uv": [6, 10, 7, 11], "rotation": 90, "texture": "#0"},
				"down": {"uv": [6, 10, 7, 11], "rotation": 270, "texture": "#0"}
			}
		},
		{
			"from": [6, 5, 15],
			"to": [7, 6, 16],
			"rotation": {"angle": 0, "axis": "y", "origin": [8, 8, 16]},
			"faces": {
				"north": {"uv": [6, 10, 7, 11], "texture": "#0"},
				"east": {"uv": [6, 10, 7, 11], "texture": "#0"},
				"south": {"uv": [6, 10, 7, 11], "texture": "#0"},
				"west": {"uv": [6, 10, 7, 11], "texture": "#0"},
				"up": {"uv": [6, 10, 7, 11], "rotation": 180, "texture": "#0"},
				"down": {"uv": [6, 10, 7, 11], "rotation": 180, "texture": "#0"}
			}
		},
		{
			"from": [0, 5, 6],
			"to": [1, 6, 7],
			"rotation": {"angle": 0, "axis": "y", "origin": [0, 8, 8]},
			"faces": {
				"north": {"uv": [6, 10, 7, 11], "texture": "#0"},
				"east": {"uv": [6, 10, 7, 11], "texture": "#0"},
				"south": {"uv": [6, 10, 7, 11], "texture": "#0"},
				"west": {"uv": [6, 10, 7, 11], "texture": "#0"},
				"up": {"uv": [6, 10, 7, 11], "rotation": 270, "texture": "#0"},
				"down": {"uv": [6, 10, 7, 11], "rotation": 90, "texture": "#0"}
			}
		},
		{
			"from": [9, 10, 0],
			"to": [10, 11, 1],
			"rotation": {"angle": 0, "axis": "y", "origin": [8, 8, 0]},
			"faces": {
				"north": {"uv": [6, 5, 7, 6], "texture": "#0"},
				"east": {"uv": [6, 5, 7, 6], "texture": "#0"},
				"south": {"uv": [6, 5, 7, 6], "texture": "#0"},
				"west": {"uv": [6, 5, 7, 6], "texture": "#0"},
				"up": {"uv": [6, 5, 7, 6], "texture": "#0"},
				"down": {"uv": [6, 5, 7, 6], "texture": "#0"}
			}
		},
		{
			"from": [15, 10, 9],
			"to": [16, 11, 10],
			"rotation": {"angle": 0, "axis": "y", "origin": [16, 8, 8]},
			"faces": {
				"north": {"uv": [6, 5, 7, 6], "texture": "#0"},
				"east": {"uv": [6, 5, 7, 6], "texture": "#0"},
				"south": {"uv": [6, 5, 7, 6], "texture": "#0"},
				"west": {"uv": [6, 5, 7, 6], "texture": "#0"},
				"up": {"uv": [6, 5, 7, 6], "rotation": 90, "texture": "#0"},
				"down": {"uv": [6, 5, 7, 6], "rotation": 270, "texture": "#0"}
			}
		},
		{
			"from": [6, 10, 15],
			"to": [7, 11, 16],
			"rotation": {"angle": 0, "axis": "y", "origin": [8, 8, 16]},
			"faces": {
				"north": {"uv": [6, 5, 7, 6], "texture": "#0"},
				"east": {"uv": [6, 5, 7, 6], "texture": "#0"},
				"south": {"uv": [6, 5, 7, 6], "texture": "#0"},
				"west": {"uv": [6, 5, 7, 6], "texture": "#0"},
				"up": {"uv": [6, 5, 7, 6], "rotation": 180, "texture": "#0"},
				"down": {"uv": [6, 5, 7, 6], "rotation": 180, "texture": "#0"}
			}
		},
		{
			"from": [0, 10, 6],
			"to": [1, 11, 7],
			"rotation": {"angle": 0, "axis": "y", "origin": [0, 8, 8]},
			"faces": {
				"north": {"uv": [6, 5, 7, 6], "texture": "#0"},
				"east": {"uv": [6, 5, 7, 6], "texture": "#0"},
				"south": {"uv": [6, 5, 7, 6], "texture": "#0"},
				"west": {"uv": [6, 5, 7, 6], "texture": "#0"},
				"up": {"uv": [6, 5, 7, 6], "rotation": 270, "texture": "#0"},
				"down": {"uv": [6, 5, 7, 6], "rotation": 90, "texture": "#0"}
			}
		},
		{
			"from": [6, 10, 0],
			"to": [7, 11, 1],
			"rotation": {"angle": 0, "axis": "y", "origin": [8, 8, 0]},
			"faces": {
				"north": {"uv": [9, 5, 10, 6], "texture": "#0"},
				"east": {"uv": [9, 5, 10, 6], "texture": "#0"},
				"south": {"uv": [9, 5, 10, 6], "texture": "#0"},
				"west": {"uv": [9, 5, 10, 6], "texture": "#0"},
				"up": {"uv": [9, 5, 10, 6], "texture": "#0"},
				"down": {"uv": [9, 5, 10, 6], "texture": "#0"}
			}
		},
		{
			"from": [15, 10, 6],
			"to": [16, 11, 7],
			"rotation": {"angle": 0, "axis": "y", "origin": [16, 8, 8]},
			"faces": {
				"north": {"uv": [9, 5, 10, 6], "texture": "#0"},
				"east": {"uv": [9, 5, 10, 6], "texture": "#0"},
				"south": {"uv": [9, 5, 10, 6], "texture": "#0"},
				"west": {"uv": [9, 5, 10, 6], "texture": "#0"},
				"up": {"uv": [9, 5, 10, 6], "rotation": 90, "texture": "#0"},
				"down": {"uv": [9, 5, 10, 6], "rotation": 270, "texture": "#0"}
			}
		},
		{
			"from": [9, 10, 15],
			"to": [10, 11, 16],
			"rotation": {"angle": 0, "axis": "y", "origin": [8, 8, 16]},
			"faces": {
				"north": {"uv": [9, 5, 10, 6], "texture": "#0"},
				"east": {"uv": [9, 5, 10, 6], "texture": "#0"},
				"south": {"uv": [9, 5, 10, 6], "texture": "#0"},
				"west": {"uv": [9, 5, 10, 6], "texture": "#0"},
				"up": {"uv": [9, 5, 10, 6], "rotation": 180, "texture": "#0"},
				"down": {"uv": [9, 5, 10, 6], "rotation": 180, "texture": "#0"}
			}
		},
		{
			"from": [0, 10, 9],
			"to": [1, 11, 10],
			"rotation": {"angle": 0, "axis": "y", "origin": [0, 8, 8]},
			"faces": {
				"north": {"uv": [9, 5, 10, 6], "texture": "#0"},
				"east": {"uv": [9, 5, 10, 6], "texture": "#0"},
				"south": {"uv": [9, 5, 10, 6], "texture": "#0"},
				"west": {"uv": [9, 5, 10, 6], "texture": "#0"},
				"up": {"uv": [9, 5, 10, 6], "rotation": 270, "texture": "#0"},
				"down": {"uv": [9, 5, 10, 6], "rotation": 90, "texture": "#0"}
			}
		},
		{
			"from": [5, 6, 0],
			"to": [7, 7, 1],
			"rotation": {"angle": 0, "axis": "y", "origin": [8, 8, 0]},
			"faces": {
				"north": {"uv": [9, 9, 11, 10], "texture": "#0"},
				"east": {"uv": [9, 9, 10, 10], "texture": "#0"},
				"south": {"uv": [0, 0, 2, 1], "texture": "#missing"},
				"west": {"uv": [10, 9, 11, 10], "texture": "#0"},
				"up": {"uv": [9, 9, 11, 10], "texture": "#0"},
				"down": {"uv": [9, 9, 11, 10], "texture": "#0"}
			}
		},
		{
			"from": [15, 6, 5],
			"to": [16, 7, 7],
			"rotation": {"angle": 0, "axis": "y", "origin": [16, 8, 8]},
			"faces": {
				"north": {"uv": [10, 9, 11, 10], "texture": "#0"},
				"east": {"uv": [9, 9, 11, 10], "texture": "#0"},
				"south": {"uv": [9, 9, 10, 10], "texture": "#0"},
				"west": {"uv": [0, 0, 2, 1], "texture": "#missing"},
				"up": {"uv": [9, 9, 11, 10], "rotation": 90, "texture": "#0"},
				"down": {"uv": [9, 9, 11, 10], "rotation": 270, "texture": "#0"}
			}
		},
		{
			"from": [9, 6, 15],
			"to": [11, 7, 16],
			"rotation": {"angle": 0, "axis": "y", "origin": [8, 8, 16]},
			"faces": {
				"north": {"uv": [0, 0, 2, 1], "texture": "#missing"},
				"east": {"uv": [10, 9, 11, 10], "texture": "#0"},
				"south": {"uv": [9, 9, 11, 10], "texture": "#0"},
				"west": {"uv": [9, 9, 10, 10], "texture": "#0"},
				"up": {"uv": [9, 9, 11, 10], "rotation": 180, "texture": "#0"},
				"down": {"uv": [9, 9, 11, 10], "rotation": 180, "texture": "#0"}
			}
		},
		{
			"from": [0, 6, 9],
			"to": [1, 7, 11],
			"rotation": {"angle": 0, "axis": "y", "origin": [0, 8, 8]},
			"faces": {
				"north": {"uv": [9, 9, 10, 10], "texture": "#0"},
				"east": {"uv": [0, 0, 2, 1], "texture": "#missing"},
				"south": {"uv": [10, 9, 11, 10], "texture": "#0"},
				"west": {"uv": [9, 9, 11, 10], "texture": "#0"},
				"up": {"uv": [9, 9, 11, 10], "rotation": 270, "texture": "#0"},
				"down": {"uv": [9, 9, 11, 10], "rotation": 90, "texture": "#0"}
			}
		},
		{
			"from": [9, 6, 0],
			"to": [11, 7, 1],
			"rotation": {"angle": 0, "axis": "y", "origin": [8, 8, 0]},
			"faces": {
				"north": {"uv": [5, 9, 7, 10], "texture": "#0"},
				"east": {"uv": [5, 9, 6, 10], "texture": "#0"},
				"south": {"uv": [0, 0, 2, 1], "texture": "#missing"},
				"west": {"uv": [6, 9, 7, 10], "texture": "#0"},
				"up": {"uv": [5, 9, 7, 10], "texture": "#0"},
				"down": {"uv": [5, 9, 7, 10], "texture": "#0"}
			}
		},
		{
			"from": [15, 6, 9],
			"to": [16, 7, 11],
			"rotation": {"angle": 0, "axis": "y", "origin": [16, 8, 8]},
			"faces": {
				"north": {"uv": [6, 9, 7, 10], "texture": "#0"},
				"east": {"uv": [5, 9, 7, 10], "texture": "#0"},
				"south": {"uv": [5, 9, 6, 10], "texture": "#0"},
				"west": {"uv": [0, 0, 2, 1], "texture": "#missing"},
				"up": {"uv": [5, 9, 7, 10], "rotation": 90, "texture": "#0"},
				"down": {"uv": [5, 9, 7, 10], "rotation": 270, "texture": "#0"}
			}
		},
		{
			"from": [5, 6, 15],
			"to": [7, 7, 16],
			"rotation": {"angle": 0, "axis": "y", "origin": [8, 8, 16]},
			"faces": {
				"north": {"uv": [0, 0, 2, 1], "texture": "#missing"},
				"east": {"uv": [6, 9, 7, 10], "texture": "#0"},
				"south": {"uv": [5, 9, 7, 10], "texture": "#0"},
				"west": {"uv": [5, 9, 6, 10], "texture": "#0"},
				"up": {"uv": [5, 9, 7, 10], "rotation": 180, "texture": "#0"},
				"down": {"uv": [5, 9, 7, 10], "rotation": 180, "texture": "#0"}
			}
		},
		{
			"from": [0, 6, 5],
			"to": [1, 7, 7],
			"rotation": {"angle": 0, "axis": "y", "origin": [0, 8, 8]},
			"faces": {
				"north": {"uv": [5, 9, 6, 10], "texture": "#0"},
				"east": {"uv": [0, 0, 2, 1], "texture": "#missing"},
				"south": {"uv": [6, 9, 7, 10], "texture": "#0"},
				"west": {"uv": [5, 9, 7, 10], "texture": "#0"},
				"up": {"uv": [5, 9, 7, 10], "rotation": 270, "texture": "#0"},
				"down": {"uv": [5, 9, 7, 10], "rotation": 90, "texture": "#0"}
			}
		},
		{
			"from": [9, 9, 0],
			"to": [11, 10, 1],
			"rotation": {"angle": 0, "axis": "y", "origin": [8, 8, 0]},
			"faces": {
				"north": {"uv": [5, 6, 7, 7], "texture": "#0"},
				"east": {"uv": [5, 6, 6, 7], "texture": "#0"},
				"south": {"uv": [0, 0, 2, 1], "texture": "#missing"},
				"west": {"uv": [6, 6, 7, 7], "texture": "#0"},
				"up": {"uv": [5, 6, 7, 7], "texture": "#0"},
				"down": {"uv": [5, 6, 7, 7], "texture": "#0"}
			}
		},
		{
			"from": [15, 9, 9],
			"to": [16, 10, 11],
			"rotation": {"angle": 0, "axis": "y", "origin": [16, 8, 8]},
			"faces": {
				"north": {"uv": [6, 6, 7, 7], "texture": "#0"},
				"east": {"uv": [5, 6, 7, 7], "texture": "#0"},
				"south": {"uv": [5, 6, 6, 7], "texture": "#0"},
				"west": {"uv": [0, 0, 2, 1], "texture": "#missing"},
				"up": {"uv": [5, 6, 7, 7], "rotation": 90, "texture": "#0"},
				"down": {"uv": [5, 6, 7, 7], "rotation": 270, "texture": "#0"}
			}
		},
		{
			"from": [5, 9, 15],
			"to": [7, 10, 16],
			"rotation": {"angle": 0, "axis": "y", "origin": [8, 8, 16]},
			"faces": {
				"north": {"uv": [0, 0, 2, 1], "texture": "#missing"},
				"east": {"uv": [6, 6, 7, 7], "texture": "#0"},
				"south": {"uv": [5, 6, 7, 7], "texture": "#0"},
				"west": {"uv": [5, 6, 6, 7], "texture": "#0"},
				"up": {"uv": [5, 6, 7, 7], "rotation": 180, "texture": "#0"},
				"down": {"uv": [5, 6, 7, 7], "rotation": 180, "texture": "#0"}
			}
		},
		{
			"from": [0, 9, 5],
			"to": [1, 10, 7],
			"rotation": {"angle": 0, "axis": "y", "origin": [0, 8, 8]},
			"faces": {
				"north": {"uv": [5, 6, 6, 7], "texture": "#0"},
				"east": {"uv": [0, 0, 2, 1], "texture": "#missing"},
				"south": {"uv": [6, 6, 7, 7], "texture": "#0"},
				"west": {"uv": [5, 6, 7, 7], "texture": "#0"},
				"up": {"uv": [5, 6, 7, 7], "rotation": 270, "texture": "#0"},
				"down": {"uv": [5, 6, 7, 7], "rotation": 90, "texture": "#0"}
			}
		},
		{
			"from": [5, 9, 0],
			"to": [7, 10, 1],
			"rotation": {"angle": 0, "axis": "y", "origin": [8, 8, 0]},
			"faces": {
				"north": {"uv": [9, 6, 11, 7], "texture": "#0"},
				"east": {"uv": [9, 6, 10, 7], "texture": "#0"},
				"south": {"uv": [0, 0, 2, 1], "texture": "#missing"},
				"west": {"uv": [10, 6, 11, 7], "texture": "#0"},
				"up": {"uv": [9, 6, 11, 7], "texture": "#0"},
				"down": {"uv": [9, 6, 11, 7], "texture": "#0"}
			}
		},
		{
			"from": [15, 9, 5],
			"to": [16, 10, 7],
			"rotation": {"angle": 0, "axis": "y", "origin": [16, 8, 8]},
			"faces": {
				"north": {"uv": [10, 6, 11, 7], "texture": "#0"},
				"east": {"uv": [9, 6, 11, 7], "texture": "#0"},
				"south": {"uv": [9, 6, 10, 7], "texture": "#0"},
				"west": {"uv": [0, 0, 2, 1], "texture": "#missing"},
				"up": {"uv": [9, 6, 11, 7], "rotation": 90, "texture": "#0"},
				"down": {"uv": [9, 6, 11, 7], "rotation": 270, "texture": "#0"}
			}
		},
		{
			"from": [9, 9, 15],
			"to": [11, 10, 16],
			"rotation": {"angle": 0, "axis": "y", "origin": [8, 8, 16]},
			"faces": {
				"north": {"uv": [0, 0, 2, 1], "texture": "#missing"},
				"east": {"uv": [10, 6, 11, 7], "texture": "#0"},
				"south": {"uv": [9, 6, 11, 7], "texture": "#0"},
				"west": {"uv": [9, 6, 10, 7], "texture": "#0"},
				"up": {"uv": [9, 6, 11, 7], "rotation": 180, "texture": "#0"},
				"down": {"uv": [9, 6, 11, 7], "rotation": 180, "texture": "#0"}
			}
		},
		{
			"from": [0, 9, 9],
			"to": [1, 10, 11],
			"rotation": {"angle": 0, "axis": "y", "origin": [0, 8, 8]},
			"faces": {
				"north": {"uv": [9, 6, 10, 7], "texture": "#0"},
				"east": {"uv": [0, 0, 2, 1], "texture": "#missing"},
				"south": {"uv": [10, 6, 11, 7], "texture": "#0"},
				"west": {"uv": [9, 6, 11, 7], "texture": "#0"},
				"up": {"uv": [9, 6, 11, 7], "rotation": 270, "texture": "#0"},
				"down": {"uv": [9, 6, 11, 7], "rotation": 90, "texture": "#0"}
			}
		}
	]
}