{
	"credit": "Made with Blockbench",
	"ambientocclusion": false,
	"textures": {
		"0": "block/acacia_door_bottom",
		"1": "block/acacia_door_bottom_inverted",
		"particle": "block/acacia_door_bottom"
	},
	"elements": [
		{
			"from": [0, 0, 13],
			"to": [3, 16, 16],
			"rotation": {"angle": 0, "axis": "y", "origin": [1.5, 10, 7]},
			"faces": {
				"north": {"uv": [13, 0, 14, 16], "texture": "#1"},
				"east": {"uv": [0, 0, 3, 16], "texture": "#0"},
				"south": {"uv": [15, 0, 16, 16], "texture": "#1"},
				"west": {"uv": [13, 0, 16, 16], "texture": "#1"},
				"down": {"uv": [13, 15, 16, 16], "rotation": 270, "texture": "#1"}
			}
		},
		{
			"from": [0, 0, 0],
			"to": [3, 16, 3],
			"rotation": {"angle": 0, "axis": "y", "origin": [1.5, 10, 7]},
			"faces": {
				"north": {"uv": [0, 0, 1, 16], "texture": "#1"},
				"east": {"uv": [13, 0, 16, 16], "texture": "#0"},
				"south": {"uv": [2, 0, 3, 16], "texture": "#1"},
				"west": {"uv": [0, 0, 3, 16], "texture": "#1"},
				"down": {"uv": [0, 15, 3, 16], "rotation": 270, "texture": "#1"}
			}
		},
		{
			"from": [0, 0, 3],
			"to": [3, 3, 13],
			"rotation": {"angle": 0, "axis": "y", "origin": [1.5, 10, 7]},
			"faces": {
				"east": {"uv": [3, 13, 13, 16], "texture": "#0"},
				"west": {"uv": [3, 13, 13, 16], "texture": "#1"},
				"up": {"uv": [3, 13, 13, 14], "rotation": 90, "texture": "#1"},
				"down": {"uv": [3, 15, 13, 16], "rotation": 270, "texture": "#1"}
			}
		},
		{
			"from": [0, 15, 3],
			"to": [3, 16, 13],
			"rotation": {"angle": 0, "axis": "y", "origin": [1.5, 10, 7]},
			"faces": {
				"east": {"uv": [3, 0, 13, 1], "texture": "#0"},
				"west": {"uv": [3, 0, 13, 1], "texture": "#1"},
				"down": {"uv": [3, 0, 13, 1], "rotation": 270, "texture": "#1"}
			}
		},
		{
			"from": [0, 3, 9],
			"to": [3, 15, 11],
			"rotation": {"angle": 0, "axis": "y", "origin": [1.5, 10, 7]},
			"faces": {
				"north": {"uv": [9, 1, 10, 13], "texture": "#1"},
				"east": {"uv": [5, 1, 7, 13], "texture": "#0"},
				"south": {"uv": [10, 1, 11, 13], "texture": "#1"},
				"west": {"uv": [9, 1, 11, 13], "texture": "#1"}
			}
		},
		{
			"from": [0, 3, 5],
			"to": [3, 15, 7],
			"rotation": {"angle": 0, "axis": "y", "origin": [1.5, 10, 7]},
			"faces": {
				"north": {"uv": [5, 1, 6, 13], "texture": "#1"},
				"east": {"uv": [9, 1, 11, 13], "texture": "#0"},
				"south": {"uv": [6, 1, 7, 13], "texture": "#1"},
				"west": {"uv": [5, 1, 7, 13], "texture": "#1"}
			}
		},
		{
			"from": [-0.5, 15, 1],
			"to": [0, 16, 2],
			"rotation": {"angle": 0, "axis": "y", "origin": [1.5, 10, 7]},
			"faces": {
				"north": {"uv": [1, 0, 2, 1], "texture": "#1"},
				"south": {"uv": [1, 0, 2, 1], "texture": "#1"},
				"west": {"uv": [1, 0, 2, 1], "texture": "#1"},
				"up": {"uv": [1, 0, 2, 1], "rotation": 180, "texture": "#1"},
				"down": {"uv": [1, 0, 2, 1], "rotation": 180, "texture": "#1"}
			}
		},
		{
			"from": [3, 15, 1],
			"to": [3.5, 16, 2],
			"rotation": {"angle": 0, "axis": "y", "origin": [1.5, 10, 7]},
			"faces": {
				"north": {"uv": [14, 0, 15, 1], "texture": "#0"},
				"east": {"uv": [14, 0, 15, 1], "texture": "#0"},
				"south": {"uv": [14, 0, 15, 1], "texture": "#0"},
				"up": {"uv": [14, 0, 15, 1], "rotation": 180, "texture": "#0"},
				"down": {"uv": [14, 0, 15, 1], "rotation": 180, "texture": "#0"}
			}
		}
	]
}