{
	"credit": "Made with Blockbench",
	"textures": {
		"0": "block/dark_oak_door_bottom",
		"1": "block/dark_oak_door_bottom_inverted",
		"particle": "block/dark_oak_door_bottom"
	},
	"elements": [
		{
			"from": [0, 0, 0],
			"to": [3, 16, 16],
			"faces": {
				"north": {"uv": [15, 0, 16, 16], "texture": "#1"},
				"east": {"uv": [0, 0, 16, 16], "texture": "#1"},
				"south": {"uv": [0, 0, 1, 16], "texture": "#1"},
				"west": {"uv": [0, 0, 16, 16], "texture": "#0"},
				"down": {"uv": [0, 15, 16, 16], "rotation": 90, "texture": "#1"}
			}
		},
		{
			"from": [3, 15, 11],
			"to": [3.5, 16, 12],
			"rotation": {"angle": 0, "axis": "y", "origin": [11, 23, 19]},
			"faces": {
				"north": {"uv": [4, 0, 5, 1], "texture": "#1"},
				"east": {"uv": [4, 0, 5, 1], "texture": "#1"},
				"south": {"uv": [4, 0, 5, 1], "texture": "#1"},
				"up": {"uv": [4, 0, 5, 1], "texture": "#1"},
				"down": {"uv": [4, 0, 5, 1], "texture": "#1"}
			}
		},
		{
			"from": [-0.5, 15, 11],
			"to": [0, 16, 12],
			"rotation": {"angle": 0, "axis": "y", "origin": [7, 23, 19]},
			"faces": {
				"north": {"uv": [11, 0, 12, 1], "texture": "#0"},
				"south": {"uv": [11, 0, 12, 1], "texture": "#0"},
				"west": {"uv": [11, 0, 12, 1], "texture": "#0"},
				"up": {"uv": [11, 0, 12, 1], "texture": "#0"},
				"down": {"uv": [11, 0, 12, 1], "texture": "#0"}
			}
		}
	]
}