{
	"credit": "Made with Blockbench",
	"textures": {
		"0": "block/oak_door_top",
		"1": "block/oak_door_top_inverted",
		"particle": "block/oak_door_top"
	},
	"elements": [
		{
			"from": [0, 0, 0],
			"to": [3, 5, 16],
			"faces": {
				"north": {"uv": [15, 11, 16, 16], "texture": "#1"},
				"east": {"uv": [0, 11, 16, 16], "texture": "#1"},
				"south": {"uv": [0, 11, 1, 16], "texture": "#1"},
				"west": {"uv": [0, 11, 16, 16], "texture": "#0"},
				"up": {"uv": [0, 11, 16, 12], "rotation": 270, "texture": "#1"}
			}
		},
		{
			"from": [0, 13, 0],
			"to": [3, 16, 16],
			"rotation": {"angle": 0, "axis": "y", "origin": [8, 21, 8]},
			"faces": {
				"north": {"uv": [15, 0, 16, 3], "texture": "#1"},
				"east": {"uv": [0, 0, 16, 3], "texture": "#1"},
				"south": {"uv": [0, 0, 1, 3], "texture": "#1"},
				"west": {"uv": [0, 0, 16, 3], "texture": "#0"},
				"up": {"uv": [0, 0, 16, 1], "rotation": 270, "texture": "#1"},
				"down": {"uv": [0, 2, 16, 3], "rotation": 90, "texture": "#1"}
			}
		},
		{
			"from": [0, 5, 0],
			"to": [3, 13, 3],
			"rotation": {"angle": 0, "axis": "y", "origin": [8, 13, 8]},
			"faces": {
				"north": {"uv": [15, 3, 16, 11], "texture": "#1"},
				"east": {"uv": [13, 3, 16, 11], "texture": "#1"},
				"south": {"uv": [13, 3, 14, 11], "texture": "#1"},
				"west": {"uv": [0, 3, 3, 11], "texture": "#0"}
			}
		},
		{
			"from": [0, 5, 13],
			"to": [3, 13, 16],
			"rotation": {"angle": 0, "axis": "y", "origin": [8, 13, 21]},
			"faces": {
				"north": {"uv": [2, 3, 3, 11], "texture": "#1"},
				"east": {"uv": [0, 3, 3, 11], "texture": "#1"},
				"south": {"uv": [0, 3, 1, 11], "texture": "#1"},
				"west": {"uv": [13, 3, 16, 11], "texture": "#0"}
			}
		},
		{
			"from": [0, 5, 7],
			"to": [3, 13, 9],
			"rotation": {"angle": 0, "axis": "y", "origin": [8, 13, 15]},
			"faces": {
				"north": {"uv": [8, 3, 9, 11], "texture": "#1"},
				"east": {"uv": [7, 3, 9, 11], "texture": "#1"},
				"south": {"uv": [7, 3, 8, 11], "texture": "#1"},
				"west": {"uv": [7, 3, 9, 11], "texture": "#0"}
			}
		},
		{
			"from": [0, 8, 3],
			"to": [3, 10, 7],
			"rotation": {"angle": 0, "axis": "y", "origin": [8, 16, 11]},
			"faces": {
				"east": {"uv": [9, 6, 13, 8], "texture": "#1"},
				"west": {"uv": [3, 6, 7, 8], "texture": "#0"},
				"up": {"uv": [9, 6, 13, 7], "rotation": 90, "texture": "#1"},
				"down": {"uv": [9, 7, 13, 8], "rotation": 270, "texture": "#1"}
			}
		},
		{
			"from": [0, 8, 9],
			"to": [3, 10, 13],
			"rotation": {"angle": 0, "axis": "y", "origin": [8, 16, 17]},
			"faces": {
				"east": {"uv": [3, 6, 7, 8], "texture": "#1"},
				"west": {"uv": [9, 6, 13, 8], "texture": "#0"},
				"up": {"uv": [3, 6, 7, 7], "rotation": 90, "texture": "#1"},
				"down": {"uv": [3, 7, 7, 8], "rotation": 270, "texture": "#1"}
			}
		},
		{
			"from": [3, 0, 11],
			"to": [3.5, 1, 12],
			"rotation": {"angle": 0, "axis": "y", "origin": [11, 8, 19]},
			"faces": {
				"north": {"uv": [4, 15, 5, 16], "texture": "#1"},
				"east": {"uv": [4, 15, 5, 16], "texture": "#1"},
				"south": {"uv": [4, 15, 5, 16], "texture": "#1"},
				"up": {"uv": [4, 15, 5, 16], "texture": "#1"},
				"down": {"uv": [4, 15, 5, 16], "texture": "#1"}
			}
		},
		{
			"from": [3, 1, 11],
			"to": [3.5, 2, 14],
			"rotation": {"angle": 0, "axis": "y", "origin": [11, 9, 19]},
			"faces": {
				"north": {"uv": [4, 14, 5, 15], "texture": "#1"},
				"east": {"uv": [2, 14, 5, 15], "texture": "#1"},
				"south": {"uv": [2, 14, 3, 15], "texture": "#1"},
				"up": {"uv": [2, 14, 5, 15], "rotation": 270, "texture": "#1"},
				"down": {"uv": [2, 14, 5, 15], "rotation": 90, "texture": "#1"}
			}
		},
		{
			"from": [-0.5, 0, 11],
			"to": [0, 1, 12],
			"rotation": {"angle": 0, "axis": "y", "origin": [7, 8, 19]},
			"faces": {
				"north": {"uv": [11, 15, 12, 16], "texture": "#0"},
				"south": {"uv": [11, 15, 12, 16], "texture": "#0"},
				"west": {"uv": [11, 15, 12, 16], "texture": "#0"},
				"up": {"uv": [11, 15, 12, 16], "texture": "#0"},
				"down": {"uv": [11, 15, 12, 16], "texture": "#0"}
			}
		},
		{
			"from": [-0.5, 1, 11],
			"to": [0, 2, 14],
			"rotation": {"angle": 0, "axis": "y", "origin": [7, 9, 19]},
			"faces": {
				"north": {"uv": [11, 14, 12, 15], "texture": "#0"},
				"south": {"uv": [13, 14, 14, 15], "texture": "#0"},
				"west": {"uv": [11, 14, 14, 15], "texture": "#0"},
				"up": {"uv": [11, 14, 14, 15], "rotation": 90, "texture": "#0"},
				"down": {"uv": [11, 14, 14, 15], "rotation": 270, "texture": "#0"}
			}
		}
	]
}