{
	"credit": "Made with Blockbench",
	"textures": {
		"0": "block/spruce_door_bottom",
		"1": "block/spruce_door_bottom_inverted",
		"particle": "block/spruce_door_bottom"
	},
	"elements": [
		{
			"from": [0, 0, 0],
			"to": [3, 16, 16],
			"rotation": {"angle": 0, "axis": "y", "origin": [-5, 8, 8]},
			"faces": {
				"north": {"uv": [0, 0, 1, 16], "texture": "#1"},
				"east": {"uv": [0, 0, 16, 16], "texture": "#0"},
				"south": {"uv": [15, 0, 16, 16], "texture": "#1"},
				"west": {"uv": [0, 0, 16, 16], "texture": "#1"},
				"down": {"uv": [0, 15, 16, 16], "rotation": 270, "texture": "#1"}
			}
		},
		{
			"from": [3, 15, 3],
			"to": [3.5, 16, 5],
			"rotation": {"angle": 0, "axis": "y", "origin": [-5, 8, 8]},
			"faces": {
				"north": {"uv": [12, 0, 13, 1], "texture": "#0"},
				"east": {"uv": [11, 0, 13, 1], "texture": "#0"},
				"south": {"uv": [11, 0, 12, 1], "texture": "#0"},
				"up": {"uv": [11, 0, 13, 1], "rotation": 270, "texture": "#0"},
				"down": {"uv": [11, 0, 13, 1], "rotation": 90, "texture": "#0"}
			}
		},
		{
			"from": [3, 12, 3],
			"to": [3.5, 13, 5],
			"rotation": {"angle": 0, "axis": "y", "origin": [-5, 8, 8]},
			"faces": {
				"north": {"uv": [12, 3, 13, 4], "texture": "#0"},
				"east": {"uv": [11, 3, 13, 4], "texture": "#0"},
				"south": {"uv": [11, 3, 12, 4], "texture": "#0"},
				"up": {"uv": [11, 3, 13, 4], "rotation": 270, "texture": "#0"},
				"down": {"uv": [11, 3, 13, 4], "rotation": 90, "texture": "#0"}
			}
		},
		{
			"from": [-0.5, 12, 3],
			"to": [0, 13, 5],
			"rotation": {"angle": 0, "axis": "y", "origin": [-5, 8, 8]},
			"faces": {
				"north": {"uv": [3, 3, 4, 4], "texture": "#1"},
				"south": {"uv": [4, 3, 5, 4], "texture": "#1"},
				"west": {"uv": [3, 3, 5, 4], "texture": "#1"},
				"up": {"uv": [3, 3, 5, 4], "rotation": 90, "texture": "#1"},
				"down": {"uv": [3, 3, 5, 4], "rotation": 270, "texture": "#1"}
			}
		},
		{
			"from": [-0.5, 15, 3],
			"to": [0, 16, 5],
			"rotation": {"angle": 0, "axis": "y", "origin": [-5, 8, 8]},
			"faces": {
				"north": {"uv": [3, 0, 4, 1], "texture": "#1"},
				"south": {"uv": [4, 0, 5, 1], "texture": "#1"},
				"west": {"uv": [3, 0, 5, 1], "texture": "#1"},
				"up": {"uv": [3, 0, 5, 1], "rotation": 90, "texture": "#1"},
				"down": {"uv": [3, 0, 5, 1], "rotation": 270, "texture": "#1"}
			}
		},
		{
			"from": [3, 13, 5],
			"to": [3.5, 15, 6],
			"rotation": {"angle": 0, "axis": "y", "origin": [-5, 8, 8]},
			"faces": {
				"north": {"uv": [10, 1, 11, 3], "texture": "#0"},
				"east": {"uv": [10, 1, 11, 3], "texture": "#0"},
				"south": {"uv": [10, 1, 11, 3], "texture": "#0"},
				"up": {"uv": [10, 1, 11, 2], "rotation": 180, "texture": "#0"},
				"down": {"uv": [10, 2, 11, 3], "rotation": 180, "texture": "#0"}
			}
		},
		{
			"from": [-0.5, 13, 2],
			"to": [0, 15, 3],
			"rotation": {"angle": 0, "axis": "y", "origin": [-5, 8, 8]},
			"faces": {
				"north": {"uv": [2, 1, 3, 3], "texture": "#1"},
				"south": {"uv": [2, 1, 3, 3], "texture": "#1"},
				"west": {"uv": [2, 1, 3, 3], "texture": "#1"},
				"up": {"uv": [2, 1, 3, 2], "rotation": 180, "texture": "#1"},
				"down": {"uv": [2, 2, 3, 3], "rotation": 180, "texture": "#1"}
			}
		},
		{
			"from": [3, 13, 2],
			"to": [3.5, 15, 3],
			"rotation": {"angle": 0, "axis": "y", "origin": [-5, 8, 8]},
			"faces": {
				"north": {"uv": [13, 1, 14, 3], "texture": "#0"},
				"east": {"uv": [13, 1, 14, 3], "texture": "#0"},
				"south": {"uv": [13, 1, 14, 3], "texture": "#0"},
				"up": {"uv": [13, 1, 14, 2], "rotation": 180, "texture": "#0"},
				"down": {"uv": [13, 2, 14, 3], "rotation": 180, "texture": "#0"}
			}
		},
		{
			"from": [-0.5, 13, 5],
			"to": [0, 15, 6],
			"rotation": {"angle": 0, "axis": "y", "origin": [-5, 8, 8]},
			"faces": {
				"north": {"uv": [5, 1, 6, 3], "texture": "#1"},
				"south": {"uv": [5, 1, 6, 3], "texture": "#1"},
				"west": {"uv": [5, 1, 6, 3], "texture": "#1"},
				"up": {"uv": [5, 1, 6, 2], "rotation": 180, "texture": "#1"},
				"down": {"uv": [5, 2, 6, 3], "rotation": 180, "texture": "#1"}
			}
		}
	]
}