{
  "_fv": 34,
  "_type": "gui",
  "definition": {
    "type": 1,
    "width": 176,
    "height": 166,
    "inventoryOffsetX": 0,
    "inventoryOffsetY": 0,
    "renderBgLayer": true,
    "doesPauseGame": false,
    "components": [
      {
        "type": "inputslot",
        "data": {
          "inputLimit": {
            "value": ""
          },
          "id": 0,
          "disableStackInteraction": false,
          "dropItemsWhenNotBound": false,
          "name": "Slot #0",
          "x": 133,
          "y": 59
        }
      },
      {
        "type": "inputslot",
        "data": {
          "inputLimit": {
            "value": ""
          },
          "id": 1,
          "disableStackInteraction": false,
          "dropItemsWhenNotBound": false,
          "name": "Slot #1",
          "x": 151,
          "y": 59
        }
      },
      {
        "type": "inputslot",
        "data": {
          "inputLimit": {
            "value": ""
          },
          "id": 2,
          "disableStackInteraction": false,
          "dropItemsWhenNotBound": false,
          "name": "Slot #2",
          "x": 169,
          "y": 59
        }
      },
      {
        "type": "inputslot",
        "data": {
          "inputLimit": {
            "value": ""
          },
          "id": 3,
          "disableStackInteraction": false,
          "dropItemsWhenNotBound": false,
          "name": "Slot #3",
          "x": 187,
          "y": 59
        }
      },
      {
        "type": "inputslot",
        "data": {
          "inputLimit": {
            "value": ""
          },
          "id": 4,
          "disableStackInteraction": false,
          "dropItemsWhenNotBound": false,
          "name": "Slot #4",
          "x": 205,
          "y": 59
        }
      },
      {
        "type": "inputslot",
        "data": {
          "inputLimit": {
            "value": ""
          },
          "id": 5,
          "disableStackInteraction": false,
          "dropItemsWhenNotBound": false,
          "name": "Slot #5",
          "x": 223,
          "y": 59
        }
      },
      {
        "type": "inputslot",
        "data": {
          "inputLimit": {
            "value": ""
          },
          "id": 6,
          "disableStackInteraction": false,
          "dropItemsWhenNotBound": false,
          "name": "Slot #6",
          "x": 241,
          "y": 59
        }
      },
      {
        "type": "inputslot",
        "data": {
          "inputLimit": {
            "value": ""
          },
          "id": 7,
          "disableStackInteraction": false,
          "dropItemsWhenNotBound": false,
          "name": "Slot #7",
          "x": 259,
          "y": 59
        }
      },
      {
        "type": "inputslot",
        "data": {
          "inputLimit": {
            "value": ""
          },
          "id": 8,
          "disableStackInteraction": false,
          "dropItemsWhenNotBound": false,
          "name": "Slot #8",
          "x": 277,
          "y": 59
        }
      },
      {
        "type": "inputslot",
        "data": {
          "inputLimit": {
            "value": ""
          },
          "id": 9,
          "disableStackInteraction": false,
          "dropItemsWhenNotBound": false,
          "name": "Slot #9",
          "x": 133,
          "y": 77
        }
      },
      {
        "type": "inputslot",
        "data": {
          "inputLimit": {
            "value": ""
          },
          "id": 10,
          "disableStackInteraction": false,
          "dropItemsWhenNotBound": false,
          "name": "Slot #10",
          "x": 151,
          "y": 77
        }
      },
      {
        "type": "inputslot",
        "data": {
          "inputLimit": {
            "value": ""
          },
          "id": 11,
          "disableStackInteraction": false,
          "dropItemsWhenNotBound": false,
          "name": "Slot #11",
          "x": 169,
          "y": 77
        }
      },
      {
        "type": "inputslot",
        "data": {
          "inputLimit": {
            "value": ""
          },
          "id": 12,
          "disableStackInteraction": false,
          "dropItemsWhenNotBound": false,
          "name": "Slot #12",
          "x": 187,
          "y": 77
        }
      },
      {
        "type": "inputslot",
        "data": {
          "inputLimit": {
            "value": ""
          },
          "id": 13,
          "disableStackInteraction": false,
          "dropItemsWhenNotBound": false,
          "name": "Slot #13",
          "x": 205,
          "y": 77
        }
      },
      {
        "type": "inputslot",
        "data": {
          "inputLimit": {
            "value": ""
          },
          "id": 14,
          "disableStackInteraction": false,
          "dropItemsWhenNotBound": false,
          "name": "Slot #14",
          "x": 223,
          "y": 77
        }
      },
      {
        "type": "inputslot",
        "data": {
          "inputLimit": {
            "value": ""
          },
          "id": 15,
          "disableStackInteraction": false,
          "dropItemsWhenNotBound": false,
          "name": "Slot #15",
          "x": 241,
          "y": 77
        }
      },
      {
        "type": "inputslot",
        "data": {
          "inputLimit": {
            "value": ""
          },
          "id": 16,
          "disableStackInteraction": false,
          "dropItemsWhenNotBound": false,
          "name": "Slot #16",
          "x": 259,
          "y": 77
        }
      },
      {
        "type": "inputslot",
        "data": {
          "inputLimit": {
            "value": ""
          },
          "id": 17,
          "disableStackInteraction": false,
          "dropItemsWhenNotBound": false,
          "name": "Slot #17",
          "x": 277,
          "y": 77
        }
      },
      {
        "type": "inputslot",
        "data": {
          "inputLimit": {
            "value": ""
          },
          "id": 18,
          "disableStackInteraction": false,
          "dropItemsWhenNotBound": false,
          "name": "Slot #18",
          "x": 133,
          "y": 95
        }
      },
      {
        "type": "inputslot",
        "data": {
          "inputLimit": {
            "value": ""
          },
          "id": 19,
          "disableStackInteraction": false,
          "dropItemsWhenNotBound": false,
          "name": "Slot #19",
          "x": 151,
          "y": 95
        }
      },
      {
        "type": "inputslot",
        "data": {
          "inputLimit": {
            "value": ""
          },
          "id": 20,
          "disableStackInteraction": false,
          "dropItemsWhenNotBound": false,
          "name": "Slot #20",
          "x": 169,
          "y": 95
        }
      },
      {
        "type": "inputslot",
        "data": {
          "inputLimit": {
            "value": ""
          },
          "id": 21,
          "disableStackInteraction": false,
          "dropItemsWhenNotBound": false,
          "name": "Slot #21",
          "x": 187,
          "y": 95
        }
      },
      {
        "type": "inputslot",
        "data": {
          "inputLimit": {
            "value": ""
          },
          "id": 22,
          "disableStackInteraction": false,
          "dropItemsWhenNotBound": false,
          "name": "Slot #22",
          "x": 205,
          "y": 95
        }
      },
      {
        "type": "inputslot",
        "data": {
          "inputLimit": {
            "value": ""
          },
          "id": 23,
          "disableStackInteraction": false,
          "dropItemsWhenNotBound": false,
          "name": "Slot #23",
          "x": 223,
          "y": 95
        }
      },
      {
        "type": "inputslot",
        "data": {
          "inputLimit": {
            "value": ""
          },
          "id": 24,
          "disableStackInteraction": false,
          "dropItemsWhenNotBound": false,
          "name": "Slot #24",
          "x": 241,
          "y": 95
        }
      },
      {
        "type": "inputslot",
        "data": {
          "inputLimit": {
            "value": ""
          },
          "id": 25,
          "disableStackInteraction": false,
          "dropItemsWhenNotBound": false,
          "name": "Slot #25",
          "x": 259,
          "y": 95
        }
      },
      {
        "type": "inputslot",
        "data": {
          "inputLimit": {
            "value": ""
          },
          "id": 26,
          "disableStackInteraction": false,
          "dropItemsWhenNotBound": false,
          "name": "Slot #26",
          "x": 277,
          "y": 95
        }
      },
      {
        "type": "label",
        "data": {
          "text": "Backpack",
          "color": {
            "value": -12829636,
            "falpha": 0.0
          },
          "name": "Backpack",
          "x": 133,
          "y": 42
        }
      }
    ],
    "gridSettings": {
      "sx": 18,
      "sy": 18,
      "ox": 11,
      "oy": 15,
      "snapOnGrid": false
    }
  }
}