{
  "_fv": 34,
  "_type": "rangeditem",
  "definition": {
    "renderType": 1,
    "texture": "blaster_dc_s",
    "customModelName": "blaster_dc_15s:default",
    "name": "Blaster E 5",
    "specialInfo": [],
    "creativeTab": {
      "value": "No creative tab entry"
    },
    "stackSize": 1,
    "ammoItem": {
      "value": "CUSTOM:BlasterMunitions"
    },
    "shootConstantly": false,
    "usageCount": 0,
    "actionSound": {
      "value": "CUSTOM:entity.laser.shot"
    },
    "hasGlow": false,
    "animation": "bow",
    "enableMeleeDamage": false,
    "damageVsEntity": 0.0,
    "bulletPower": 6.0,
    "bulletDamage": 2.0,
    "bulletKnockback": 0,
    "bulletParticles": false,
    "bulletIgnitesFire": false,
    "bulletItemTexture": {
      "value": "CUSTOM:BlasterMunitions"
    },
    "bulletModel": "ModelLaserShot",
    "customBulletModelTexture": "laser_shot.png"
  }
}