{
  "_fv": 34,
  "_type": "armor",
  "definition": {
    "enableHelmet": true,
    "textureHelmet": "clone_armor_item_appo_helmet",
    "enableBody": true,
    "textureBody": "clone_armor_item_appo_chestplate",
    "enableLeggings": true,
    "textureLeggings": "clone_armor_item_appo_leggings",
    "enableBoots": true,
    "textureBoots": "clone_armor_item_appo_boots",
    "creativeTab": {
      "value": "CUSTOM:Republic"
    },
    "armorTextureFile": "clone_armor_armor_appo",
    "helmetName": "Clone Commander Appo Helmet",
    "bodyName": "Clone Commander Appo Chestplate",
    "leggingsName": "Clone Commander Appo Leggings",
    "bootsName": "Clone Commander Appo Boots",
    "helmetSpecialInfo": [],
    "bodySpecialInfo": [],
    "leggingsSpecialInfo": [],
    "bootsSpecialInfo": [],
    "helmetModelName": "ModelHelmetPlain",
    "helmetModelPart": "head",
    "helmetModelTexture": "clone_armor_armor_appo_layer_helmet.png",
    "bodyModelName": "ModelChestplatePauldron",
    "bodyModelPart": "body",
    "armsModelPartL": "left_arm",
    "armsModelPartR": "right_arm",
    "bodyModelTexture": "clone_armor_armor_appo_layer_chestplate.png",
    "leggingsModelName": "ModelLeggingsPlain",
    "leggingsModelPartL": "left_leg",
    "leggingsModelPartR": "right_leg",
    "leggingsModelTexture": "From armor",
    "bootsModelName": "ModelBootsPlain",
    "bootsModelPartL": "left_leg",
    "bootsModelPartR": "right_leg",
    "bootsModelTexture": "From armor",
    "helmetImmuneToFire": false,
    "bodyImmuneToFire": false,
    "leggingsImmuneToFire": false,
    "bootsImmuneToFire": false,
    "maxDamage": 70,
    "damageValueHelmet": 10,
    "damageValueBody": 22,
    "damageValueLeggings": 26,
    "damageValueBoots": 10,
    "enchantability": 15,
    "toughness": 2.0,
    "knockbackResistance": 0.1,
    "equipSound": {
      "value": "item.armor.equip_iron"
    },
    "repairItems": [
      {
        "value": "CUSTOM:PlastoidPlate"
      }
    ]
  }
}