{
  "_fv": 34,
  "_type": "structure",
  "definition": {
    "structure": "geonosis_outpost_2",
    "randomlyRotateStructure": true,
    "surfaceDetectionType": "First motion blocking block",
    "spawnProbability": 2500,
    "minCountPerChunk": 1,
    "maxCountPerChunk": 1,
    "spawnLocation": "Ground",
    "spawnHeightOffset": -3,
    "spawnXOffset": 0,
    "spawnZOffset": 0,
    "spawnWorldTypes": [
      "CUSTOM:GeonosisDimension"
    ],
    "restrictionBlocks": [],
    "restrictionBiomes": [
      {
        "value": "CUSTOM:GeonosisPlains"
      },
      {
        "value": "CUSTOM:Geonosis"
      }
    ],
    "ignoreBlocks": "STRUCTURE_BLOCK"
  }
}