{
  "_fv": 34,
  "_type": "biome",
  "definition": {
    "name": "Kashyyyk",
    "groundBlock": {
      "value": "Blocks.GRASS"
    },
    "undergroundBlock": {
      "value": "Blocks.STONE#0"
    },
    "grassColor": {
      "value": -16756736,
      "falpha": 0.0
    },
    "foliageColor": {
      "value": -16762112,
      "falpha": 0.0
    },
    "waterColor": {
      "value": -687821586,
      "falpha": 0.0
    },
    "waterFogColor": {
      "value": -687821586,
      "falpha": 0.0
    },
    "ambientSound": {
      "value": ""
    },
    "additionsSound": {
      "value": ""
    },
    "music": {
      "value": ""
    },
    "moodSound": {
      "value": ""
    },
    "moodSoundDelay": 6000,
    "spawnParticles": false,
    "particleToSpawn": {
      "value": "EXPLOSION_NORMAL"
    },
    "particlesProbability": 0.5,
    "rainingPossibility": 0.5,
    "temperature": 0.5,
    "baseHeight": 0.1,
    "heightVariation": 5.0E-4,
    "spawnBiome": false,
    "spawnBiomeNether": false,
    "spawnInCaves": false,
    "biomeWeight": 25,
    "grassPerChunk": 4,
    "seagrassPerChunk": 0,
    "flowersPerChunk": 3,
    "mushroomsPerChunk": 0,
    "bigMushroomsChunk": 0,
    "sandPatchesPerChunk": 2,
    "gravelPatchesPerChunk": 0,
    "reedsPerChunk": 0,
    "cactiPerChunk": 0,
    "treesPerChunk": 5,
    "vanillaTreeType": "Big trees",
    "treeType": 1,
    "minHeight": 12,
    "treeStem": {
      "value": "Blocks.LOG#3"
    },
    "treeBranch": {
      "value": "Blocks.LEAVES#3"
    },
    "treeVines": {
      "value": "Blocks.VINE"
    },
    "treeFruits": {
      "value": ""
    },
    "spawnStronghold": false,
    "spawnMineshaft": true,
    "spawnMineshaftMesa": false,
    "spawnPillagerOutpost": false,
    "villageType": "none",
    "spawnWoodlandMansion": false,
    "spawnJungleTemple": false,
    "spawnDesertPyramid": false,
    "spawnSwampHut": false,
    "spawnIgloo": false,
    "spawnOceanMonument": false,
    "spawnShipwreck": false,
    "spawnShipwreckBeached": false,
    "spawnBuriedTreasure": false,
    "oceanRuinType": "NONE",
    "spawnNetherBridge": false,
    "spawnNetherFossil": false,
    "spawnBastionRemnant": false,
    "spawnEndCity": false,
    "spawnRuinedPortal": "NONE",
    "defaultFeatures": [
      "Caves",
      "Ores",
      "FrozenTopLayer"
    ],
    "spawnEntries": []
  }
}