{
  "_fv": 34,
  "_type": "dimension",
  "definition": {
    "biomesInDimension": [
      {
        "value": "CUSTOM:Kashyyyk"
      },
      {
        "value": "CUSTOM:KashyyykBeaches"
      },
      {
        "value": "CUSTOM:KashyyykMountains"
      }
    ],
    "worldGenType": "Normal world gen",
    "mainFillerBlock": {
      "value": "Blocks.STONE#0"
    },
    "fluidBlock": {
      "value": "Blocks.FLOWING_WATER"
    },
    "airColor": {
      "value": -16711732,
      "falpha": 0.0
    },
    "canRespawnHere": true,
    "hasFog": false,
    "isDark": false,
    "doesWaterVaporize": false,
    "sleepResult": "ALLOW",
    "hasSkyLight": true,
    "imitateOverworldBehaviour": true,
    "portalFrame": {
      "value": "Blocks.PLANKS#3"
    },
    "portalParticles": {
      "value": "PORTAL"
    },
    "portalLuminance": 0,
    "portalSound": {
      "value": "block.portal.ambient"
    },
    "igniterName": "Kashyyyk Dimension Portal Igniter",
    "igniterTab": {
      "value": "CUSTOM:Materials"
    },
    "texture": "kashyyyk_dimension_portal_igniter",
    "portalTexture": "kashyyyk_portal",
    "enablePortal": true
  }
}