{
  "_fv": 34,
  "_type": "rangeditem",
  "definition": {
    "renderType": 0,
    "texture": "thermal_detonator",
    "customModelName": "Normal",
    "name": "Thermal Detonator",
    "specialInfo": [],
    "creativeTab": {
      "value": "CUSTOM:Materials"
    },
    "stackSize": 64,
    "ammoItem": {
      "value": "CUSTOM:ThermalDetonator"
    },
    "shootConstantly": false,
    "usageCount": 0,
    "actionSound": {
      "value": ""
    },
    "hasGlow": false,
    "animation": "spear",
    "enableMeleeDamage": false,
    "damageVsEntity": 0.0,
    "bulletPower": 0.9,
    "bulletDamage": 0.2,
    "bulletKnockback": 0,
    "bulletParticles": false,
    "bulletIgnitesFire": false,
    "bulletItemTexture": {
      "value": "CUSTOM:ThermalDetonator"
    },
    "bulletModel": "Default",
    "customBulletModelTexture": "thermal_detonator.png",
    "onBulletHitsBlock": {
      "name": "ThermalDetonatorProcedure"
    },
    "onBulletHitsEntity": {
      "name": "ThermalDetonatorProcedure"
    }
  }
}