{
  "_fv": 18,
  "_type": "recipe",
  "definition": {
    "recipeType": "Crafting",
    "xpReward": 0.0,
    "cookingTime": 200,
    "recipeRetstackSize": 1,
    "group": "",
    "recipeShapeless": false,
    "recipeSlots": [
      {
        "value": "Items.LEATHER"
      },
      {
        "value": "Items.GOLD_NUGGET"
      },
      {
        "value": "Items.LEATHER"
      },
      {
        "value": "Items.LEATHER"
      },
      {
        "value": "Blocks.CHEST"
      },
      {
        "value": "Items.LEATHER"
      },
      {
        "value": "Items.LEATHER"
      },
      {
        "value": "Items.STICK"
      },
      {
        "value": "Items.LEATHER"
      }
    ],
    "recipeReturnStack": {
      "value": "CUSTOM:Backpack"
    },
    "name": "backpack_recipe",
    "namespace": "mod"
  }
}