{
  "_fv": 18,
  "_type": "armor",
  "definition": {
    "enableHelmet": true,
    "textureHelmet": "clone_armor_item_rex_helmet",
    "enableBody": true,
    "textureBody": "clone_armor_item_rex_chestplate",
    "enableLeggings": true,
    "textureLeggings": "clone_armor_item_rex_leggings",
    "enableBoots": true,
    "textureBoots": "clone_armor_item_rex_boots",
    "creativeTab": {
      "value": "CUSTOM:Republic"
    },
    "armorTextureFile": "clone_armor_armor_rex_",
    "helmetName": "Clone Captain Rex Helmet",
    "bodyName": "Clone Captain Rex Chestplate",
    "leggingsName": "Clone Captain Rex Leggings",
    "bootsName": "Clone Captain Rex Boots",
    "helmetSpecialInfo": [],
    "bodySpecialInfo": [],
    "leggingsSpecialInfo": [],
    "bootsSpecialInfo": [],
    "helmetModelName": "Modelc_h",
    "helmetModelPart": "Head",
    "helmetModelTexture": "clone_armor_armor_rex_layer_helmet.png",
    "bodyModelName": "Modelb_c",
    "bodyModelPart": "Body",
    "armsModelPartL": "LeftArm",
    "armsModelPartR": "RightArm",
    "bodyModelTexture": "clone_armor_armor_rex_layer_chestplate.png",
    "leggingsModelName": "Modelb_l",
    "leggingsModelPartL": "LeftLeg",
    "leggingsModelPartR": "RightLeg",
    "leggingsModelTexture": "clone_armor_armor_rex_layer_leggings.png",
    "bootsModelName": "Modela_b",
    "bootsModelPartL": "LeftLeg",
    "bootsModelPartR": "RightLeg",
    "bootsModelTexture": "From armor",
    "maxDamage": 70,
    "damageValueHelmet": 10,
    "damageValueBody": 22,
    "damageValueLeggings": 26,
    "damageValueBoots": 10,
    "enchantability": 15,
    "toughness": 2.0,
    "knockbackResistance": 0.1,
    "equipSound": {
      "value": "item.armor.equip_iron"
    },
    "repairItems": [
      {
        "value": "CUSTOM:PlastoidPlate"
      }
    ]
  }
}