{
  "_fv": 18,
  "_type": "biome",
  "definition": {
    "name": "Geonosis",
    "groundBlock": {
      "value": "Blocks.SAND#1"
    },
    "undergroundBlock": {
      "value": "Blocks.RED_SANDSTONE#0"
    },
    "grassColor": {
      "value": -3381760,
      "falpha": 0.0
    },
    "foliageColor": {
      "value": -3381760,
      "falpha": 0.0
    },
    "waterColor": {
      "value": -16751002,
      "falpha": 0.0
    },
    "waterFogColor": {
      "value": -16751002,
      "falpha": 0.0
    },
    "ambientSound": {
      "value": ""
    },
    "additionsSound": {
      "value": ""
    },
    "music": {
      "value": ""
    },
    "moodSound": {
      "value": ""
    },
    "moodSoundDelay": 6000,
    "spawnParticles": true,
    "particleToSpawn": {
      "value": "SMOKE_NORMAL"
    },
    "particlesProbability": 0.5,
    "biomeCategory": "NONE",
    "parent": {
      "value": "No parent"
    },
    "rainingPossibility": 0.5,
    "temperature": 0.5,
    "baseHeight": 0.02,
    "heightVariation": 0.02,
    "biomeType": "DESERT",
    "spawnBiome": false,
    "biomeWeight": 30,
    "biomeDictionaryTypes": [],
    "grassPerChunk": 0,
    "seagrassPerChunk": 0,
    "flowersPerChunk": 0,
    "mushroomsPerChunk": 0,
    "bigMushroomsChunk": 0,
    "sandPatchesPerChunk": 10,
    "gravelPatchesPerChunk": 0,
    "reedsPerChunk": 0,
    "cactiPerChunk": 0,
    "treesPerChunk": 0,
    "vanillaTreeType": "Default",
    "treeType": 0,
    "minHeight": 7,
    "maxWaterDepth": 0,
    "treeStem": {
      "value": ""
    },
    "treeBranch": {
      "value": ""
    },
    "treeVines": {
      "value": ""
    },
    "treeFruits": {
      "value": ""
    },
    "spawnStronghold": false,
    "spawnMineshaft": true,
    "spawnPillagerOutpost": false,
    "villageType": "none",
    "spawnWoodlandMansion": false,
    "spawnJungleTemple": false,
    "spawnDesertPyramid": false,
    "spawnIgloo": false,
    "spawnOceanMonument": false,
    "spawnShipwreck": false,
    "oceanRuinType": "NONE",
    "defaultFeatures": [
      "Caves",
      "Ores",
      "FrozenTopLayer"
    ],
    "spawnEntries": []
  }
}