{
  "_fv": 18,
  "_type": "armor",
  "definition": {
    "enableHelmet": false,
    "textureHelmet": "",
    "enableBody": true,
    "textureBody": "clone_armor_item_jetpack",
    "enableLeggings": false,
    "textureLeggings": "jetpack_leggings",
    "enableBoots": false,
    "textureBoots": "jetpack_boots",
    "creativeTab": {
      "value": "CUSTOM:Republic"
    },
    "armorTextureFile": "clone_armor_armor_normal_",
    "helmetName": "Jetpack Helmet",
    "bodyName": "Jetpack",
    "leggingsName": "Jetpack Leggings",
    "bootsName": "Jetpack Boots",
    "helmetSpecialInfo": [],
    "bodySpecialInfo": [],
    "leggingsSpecialInfo": [],
    "bootsSpecialInfo": [],
    "helmetModelName": "Default",
    "helmetModelPart": "Helmet",
    "helmetModelTexture": "From armor",
    "bodyModelName": "Modelc_c",
    "bodyModelPart": "Body",
    "armsModelPartL": "LeftArm",
    "armsModelPartR": "RightArm",
    "bodyModelTexture": "clone_armor_armor_jetpack.png",
    "leggingsModelName": "Default",
    "leggingsModelPartL": "Leggings L",
    "leggingsModelPartR": "Leggings R",
    "leggingsModelTexture": "From armor",
    "bootsModelName": "Default",
    "bootsModelPartL": "Boots L",
    "bootsModelPartR": "Boots R",
    "bootsModelTexture": "From armor",
    "maxDamage": 70,
    "damageValueHelmet": 10,
    "damageValueBody": 24,
    "damageValueLeggings": 26,
    "damageValueBoots": 10,
    "enchantability": 15,
    "toughness": 2.0,
    "knockbackResistance": 0.05,
    "equipSound": {
      "value": "item.armor.equip_iron"
    },
    "repairItems": [
      {
        "value": "CUSTOM:PlastoidPlate"
      }
    ]
  }
}