{
  "_fv": 18,
  "_type": "overlay",
  "definition": {
    "priority": "NORMAL",
    "components": [
      {
        "type": "label",
        "data": {
          "text": "<VAR:munition_num>",
          "color": {
            "value": -12829636,
            "falpha": 0.0
          },
          "name": "<VAR:munition_num>",
          "x": 141,
          "y": 188
        }
      },
      {
        "type": "image",
        "data": {
          "image": "blaster_munitions.png",
          "use1Xscale": false,
          "name": "blaster_munitions.png",
          "x": 123,
          "y": 179
        }
      }
    ],
    "baseTexture": "",
    "displayCondition": {
      "name": "MunitionCountProcedure"
    }
  }
}