{
  "_fv": 18,
  "_type": "gun",
  "definition": {
    "renderType": 1,
    "texture": "blaster_dc_s",
    "customModelName": "blaster_dc_15s:default",
    "name": "Separatist Tank Shot",
    "specialInfo": [],
    "creativeTab": {
      "value": "No creative tab entry"
    },
    "stackSize": 1,
    "ammoItem": {
      "value": ""
    },
    "shootConstantly": false,
    "usageCount": 0,
    "actionSound": {
      "value": "CUSTOM:entity.laser.shot"
    },
    "hasGlow": false,
    "animation": "none",
    "enableMeleeDamage": false,
    "damageVsEntity": 0.0,
    "bulletPower": 8.0,
    "bulletDamage": 6.0,
    "bulletKnockback": 0,
    "bulletParticles": false,
    "bulletIgnitesFire": false,
    "bulletItemTexture": {
      "value": "CUSTOM:BlasterMunitions"
    },
    "bulletModel": "Modellaser_shot",
    "customBulletModelTexture": "laser_shot.png",
    "onBulletHitsBlock": {
      "name": "TankShootExplosionProcedure"
    }
  }
}