{
  "_fv": 47,
  "_type": "structure",
  "definition": {
    "structure": "at_te",
    "randomlyRotateStructure": true,
    "surfaceDetectionType": "First motion blocking block",
    "spawnProbability": 3000,
    "minCountPerChunk": 1,
    "maxCountPerChunk": 1,
    "spawnLocation": "Ground",
    "spawnHeightOffset": 0,
    "spawnXOffset": 0,
    "spawnZOffset": 0,
    "spawnWorldTypes": [
      "CUSTOM:GeonosisDimension",
      "CUSTOM:KashyyykDimension",
      "CUSTOM:FeluciaDimension"
    ],
    "restrictionBlocks": [],
    "restrictionBiomes": [
      {
        "value": "CUSTOM:GeonosisPlains"
      },
      {
        "value": "CUSTOM:KashyyykBeaches"
      },
      {
        "value": "CUSTOM:FeluciaBluePlains"
      },
      {
        "value": "CUSTOM:FeluciaRedPlains"
      },
      {
        "value": "CUSTOM:FeluciaYellowPlains"
      }
    ],
    "ignoreBlocks": "AIR_AND_STRUCTURE_BLOCK"
  }
}