{
  "_fv": 47,
  "_type": "armor",
  "definition": {
    "enableHelmet": true,
    "textureHelmet": "clone_armor_item_41st_helmet",
    "enableBody": true,
    "textureBody": "clone_armor_item_41st_chestplate",
    "enableLeggings": true,
    "textureLeggings": "clone_armor_item_41st_leggings",
    "enableBoots": true,
    "textureBoots": "clone_armor_item_41st_boots",
    "creativeTab": {
      "value": "CUSTOM:Republic"
    },
    "armorTextureFile": "clone_armor_armor_41st",
    "helmetName": "Clone Trooper 41st Elite Corps Helmet",
    "bodyName": "Clone Trooper 41st Elite Corps Chestplate",
    "leggingsName": "Clone Trooper 41st Elite Corps Leggings",
    "bootsName": "Clone Trooper 41st Elite Corps Boots",
    "helmetSpecialInfo": [],
    "bodySpecialInfo": [],
    "leggingsSpecialInfo": [],
    "bootsSpecialInfo": [],
    "helmetModelName": "ModelHelmetPlain",
    "helmetModelPart": "head",
    "helmetModelTexture": "clone_armor_armor_41st_layer_helmet.png",
    "bodyModelName": "ModelChestplatePlain",
    "bodyModelPart": "body",
    "armsModelPartL": "left_arm",
    "armsModelPartR": "right_arm",
    "bodyModelTexture": "From armor",
    "leggingsModelName": "ModelLeggingsPlain",
    "leggingsModelPartL": "left_leg",
    "leggingsModelPartR": "right_leg",
    "leggingsModelTexture": "From armor",
    "bootsModelName": "ModelBootsPlain",
    "bootsModelPartL": "left_leg",
    "bootsModelPartR": "right_leg",
    "bootsModelTexture": "From armor",
    "helmetItemRenderType": 0,
    "helmetItemCustomModelName": "Normal",
    "bodyItemRenderType": 0,
    "bodyItemCustomModelName": "Normal",
    "leggingsItemRenderType": 0,
    "leggingsItemCustomModelName": "Normal",
    "bootsItemRenderType": 0,
    "bootsItemCustomModelName": "Normal",
    "helmetImmuneToFire": false,
    "bodyImmuneToFire": false,
    "leggingsImmuneToFire": false,
    "bootsImmuneToFire": false,
    "maxDamage": 70,
    "damageValueHelmet": 10,
    "damageValueBody": 22,
    "damageValueLeggings": 26,
    "damageValueBoots": 10,
    "enchantability": 15,
    "toughness": 2.0,
    "knockbackResistance": 0.1,
    "equipSound": {
      "value": "item.armor.equip_iron"
    },
    "repairItems": [
      {
        "value": "CUSTOM:PlastoidPlate"
      }
    ]
  }
}