{
  "_fv": 47,
  "_type": "dimension",
  "definition": {
    "biomesInDimension": [
      {
        "value": "CUSTOM:FeluciaBluePlains"
      },
      {
        "value": "CUSTOM:FeluciaRedPlains"
      },
      {
        "value": "CUSTOM:FeluciaYellowPlains"
      }
    ],
    "worldGenType": "Normal world gen",
    "mainFillerBlock": {
      "value": "Blocks.STONE#0"
    },
    "fluidBlock": {
      "value": "Blocks.WATER"
    },
    "airColor": {
      "value": -10066330,
      "falpha": 0.0
    },
    "canRespawnHere": true,
    "hasFog": false,
    "isDark": false,
    "doesWaterVaporize": false,
    "sleepResult": "ALLOW",
    "hasSkyLight": true,
    "imitateOverworldBehaviour": true,
    "portalFrame": {
      "value": "Blocks.WARPED_PLANKS"
    },
    "portalParticles": {
      "value": "PORTAL"
    },
    "portalLuminance": 0,
    "portalSound": {
      "value": "block.portal.ambient"
    },
    "enableIgniter": true,
    "igniterName": "Felucia Dimension Portal Igniter",
    "specialInfo": [],
    "igniterTab": {
      "value": "CUSTOM:Materials"
    },
    "texture": "felucia_dimension_portal_igniter",
    "portalTexture": "felucia_portal",
    "enablePortal": true
  }
}