{
  "_fv": 47,
  "_type": "recipe",
  "definition": {
    "recipeType": "Crafting",
    "recipeRetstackSize": 3,
    "group": "",
    "cookingBookCategory": "MISC",
    "xpReward": 0.0,
    "cookingTime": 200,
    "craftingBookCategory": "MISC",
    "recipeShapeless": false,
    "recipeSlots": [
      {
        "value": ""
      },
      {
        "value": ""
      },
      {
        "value": ""
      },
      {
        "value": "CUSTOM:FeluciaBluePlanks"
      },
      {
        "value": "Items.STICK"
      },
      {
        "value": "CUSTOM:FeluciaBluePlanks"
      },
      {
        "value": "CUSTOM:FeluciaBluePlanks"
      },
      {
        "value": "Items.STICK"
      },
      {
        "value": "CUSTOM:FeluciaBluePlanks"
      }
    ],
    "recipeReturnStack": {
      "value": "CUSTOM:FeluciaBlueFence"
    },
    "name": "felucia_blue_fence_recipe",
    "namespace": "mod"
  }
}