{
  "_fv": 47,
  "_type": "structure",
  "definition": {
    "structure": "kashyyyk_pillar",
    "randomlyRotateStructure": true,
    "surfaceDetectionType": "First motion blocking block",
    "spawnProbability": 15000,
    "minCountPerChunk": 3,
    "maxCountPerChunk": 5,
    "spawnLocation": "Ground",
    "spawnHeightOffset": 1,
    "spawnXOffset": 0,
    "spawnZOffset": 0,
    "spawnWorldTypes": [
      "CUSTOM:KashyyykDimension"
    ],
    "restrictionBlocks": [],
    "restrictionBiomes": [
      {
        "value": "CUSTOM:KashyyykBeaches"
      }
    ],
    "ignoreBlocks": "STRUCTURE_BLOCK"
  }
}