{
  "_fv": 47,
  "_type": "structure",
  "definition": {
    "structure": "separatist_landing_cruiser",
    "randomlyRotateStructure": true,
    "surfaceDetectionType": "First motion blocking block",
    "spawnProbability": 12500,
    "minCountPerChunk": 1,
    "maxCountPerChunk": 1,
    "spawnLocation": "Ground",
    "spawnHeightOffset": 0,
    "spawnXOffset": 0,
    "spawnZOffset": 0,
    "spawnWorldTypes": [
      "CUSTOM:KashyyykDimension"
    ],
    "restrictionBlocks": [],
    "restrictionBiomes": [
      {
        "value": "CUSTOM:Kashyyyk"
      },
      {
        "value": "CUSTOM:KashyyykBeaches"
      }
    ],
    "ignoreBlocks": "AIR_AND_STRUCTURE_BLOCK"
  }
}