{
	"credit": "Made with Blockbench",
	"textures": {
		"0": "block/crimson_door_bottom",
		"1": "block/crimson_door_bottom_inverted",
		"particle": "block/crimson_door_bottom"
	},
	"elements": [
		{
			"from": [0, 0, 0],
			"to": [3, 16, 16],
			"rotation": {"angle": 0, "axis": "y", "origin": [2, 13, 4]},
			"faces": {
				"north": {"uv": [0, 0, 1, 16], "texture": "#1"},
				"east": {"uv": [0, 0, 16, 16], "texture": "#0"},
				"south": {"uv": [15, 0, 16, 16], "texture": "#1"},
				"west": {"uv": [0, 0, 16, 16], "texture": "#1"},
				"down": {"uv": [0, 15, 16, 16], "rotation": 270, "texture": "#1"}
			}
		},
		{
			"from": [-0.5, 14, 2],
			"to": [0, 16, 4],
			"rotation": {"angle": 0, "axis": "y", "origin": [2, 13, 4]},
			"faces": {
				"north": {"uv": [2, 0, 3, 2], "texture": "#1"},
				"south": {"uv": [3, 0, 4, 2], "texture": "#1"},
				"west": {"uv": [2, 0, 4, 2], "texture": "#1"},
				"up": {"uv": [2, 0, 4, 1], "rotation": 270, "texture": "#1"},
				"down": {"uv": [2, 1, 4, 2], "rotation": 270, "texture": "#1"}
			}
		},
		{
			"from": [-0.5, 15, 1],
			"to": [0, 16, 2],
			"rotation": {"angle": 0, "axis": "y", "origin": [2, 13, 4]},
			"faces": {
				"north": {"uv": [1, 0, 2, 1], "texture": "#1"},
				"south": {"uv": [1, 0, 2, 1], "texture": "#1"},
				"west": {"uv": [1, 0, 2, 1], "texture": "#1"},
				"up": {"uv": [1, 0, 2, 1], "rotation": 180, "texture": "#1"},
				"down": {"uv": [1, 0, 2, 1], "rotation": 180, "texture": "#1"}
			}
		},
		{
			"from": [3, 15, 1],
			"to": [3.5, 16, 2],
			"rotation": {"angle": 0, "axis": "y", "origin": [2, 13, 4]},
			"faces": {
				"north": {"uv": [14, 0, 15, 1], "texture": "#0"},
				"east": {"uv": [14, 0, 15, 1], "texture": "#0"},
				"south": {"uv": [14, 0, 15, 1], "texture": "#0"},
				"up": {"uv": [14, 0, 15, 1], "rotation": 180, "texture": "#0"},
				"down": {"uv": [14, 0, 15, 1], "rotation": 180, "texture": "#0"}
			}
		},
		{
			"from": [3, 14, 2],
			"to": [3.5, 16, 4],
			"rotation": {"angle": 0, "axis": "y", "origin": [2, 13, 4]},
			"faces": {
				"north": {"uv": [13, 0, 14, 2], "texture": "#0"},
				"east": {"uv": [12, 0, 14, 2], "texture": "#0"},
				"south": {"uv": [12, 0, 13, 2], "texture": "#0"},
				"up": {"uv": [12, 0, 14, 1], "rotation": 90, "texture": "#0"},
				"down": {"uv": [12, 1, 14, 2], "rotation": 90, "texture": "#0"}
			}
		}
	]
}