{
	"credit": "Made with Blockbench",
	"textures": {
		"0": "items/lightsaber_blue",
		"particle": "items/lightsaber_blue"
	},
	"elements": [
		{
			"from": [5, 0, 5],
			"to": [8, 8, 8],
			"faces": {
				"north": {"uv": [2, 0, 5, 8], "texture": "#0"},
				"east": {"uv": [2, 0, 5, 8], "texture": "#0"},
				"south": {"uv": [2, 0, 5, 8], "texture": "#0"},
				"west": {"uv": [2, 0, 5, 8], "texture": "#0"},
				"up": {"uv": [5, 0, 8, 3], "texture": "#0"},
				"down": {"uv": [5, 3, 8, 6], "texture": "#0"}
			}
		},
		{
			"from": [5.5, 8, 5.5],
			"to": [7.5, 28, 7.5],
			"faces": {
				"north": {"uv": [0, 0, 2, 16], "texture": "#0"},
				"east": {"uv": [0, 0, 2, 16], "texture": "#0"},
				"south": {"uv": [0, 0, 2, 16], "texture": "#0"},
				"west": {"uv": [0, 0, 2, 16], "texture": "#0"},
				"up": {"uv": [0, 0, 2, 2], "texture": "#0"}
			}
		}
	],
	"display": {
		"thirdperson_righthand": {
			"translation": [1, 2.5, 2.75],
			"scale": [0.7, 0.7, 0.7]
		},
		"thirdperson_lefthand": {
			"translation": [-1, 2.5, 2.75],
			"scale": [0.7, 0.7, 0.7]
		},
		"firstperson_righthand": {
			"translation": [6.25, 0, 0]
		},
		"firstperson_lefthand": {
			"translation": [3.25, 0, 0]
		},
		"ground": {
			"rotation": [90, 0, 0],
			"translation": [1.5, -3.75, -3],
			"scale": [0.7, 0.7, 0.7]
		},
		"gui": {
			"rotation": [0, 0, -45],
			"translation": [-2, -3.25, 0],
			"scale": [0.6, 0.6, 0.6]
		},
		"fixed": {
			"rotation": [0, 0, 45],
			"translation": [4.5, -3, 0],
			"scale": [0.7, 0.7, 0.7]
		}
	}
}